Frametime;HipCenter;HipCenterCoordinates.x;HipCenterCoordinates.y;HipCenterCoordinates.z;Spine;SpineCoordinates.x;SpineCoordinates.y;SpineCoordinates.z;ShoulderCenter;ShoulderLeftCoordinates.x;ShoulderLeftCoordinates.y;ShoulderLeftCoordinates.zHead;HeadCoordinates.x;HeadCoordinates.y;HeadCoordinates.z;ShoulderLeft;ShoulderLeftCoordinates.x;ShoulderLeftCoordinates.y;ShoulderLeftCoordinates.z;ElbowLeft;ElbowLeftCoordinates.x;ElbowLeftCoordinates.y;ElbowLeftCoordinates.z;WristLeft;WristLeftCoordinates.x;WristLeftCoordinates.y;WristLeftCoordinates.z;HandLeft;HandLeftCoordinates.x;HandLeftCoordinates.y;HandLeftCoordinates.z;ShoulderRight;ShoulderRightCoordinates.x;ShoulderRightCoordinates.y;ShoulderRightCoordinates.z;ElbowRight;ElbowRightCoordinates.x;ShoulderRightCoordinates.y;ShoulderRightCoordinates.z;WristRight;WristRightCoordinates.x;WristRightCoordinates.y;WristRightCoordinates.z;HandRight;WristRightCoordinates.x;WristRightCoordinates.y;WristRightCoordinates.z;HipLeft;HipLeftCoordinates.x;HipLeftCoordinates.y;HipLeftCoordinates.z;KneeLeft;KneeLeftCoordinates.x;KneeLeftCoordinates.y;KneeLeftCoordinates.z;AnkleLeft;AnkleLeftCoordinates.x;AnkleLeftCoordinates.y;AnkleLeftCoordinates.z;FootLeft;FootLeftCoordinates.x;FootLeftCoordinates.y;FootLeftCoordinates.z;HipRight;HipRightCoordinates.x;HipRightCoordinates.y;HipRightCoordinates.z;KneeRight;KneeRightCoordinates.x;KneeRightCoordinates.y;KneeRightCoordinates.z;AnkleRight;AnkleRightCoordinates.x;AnkleRightCoordinates.y;AnkleRightCoordinates.z;FootRight;FootRightCoordinates.x;FootRightCoordinates.y;FootRightCoordinates.z)
Frame1;0.353;0;0.000;0.000;0.000;1;0.000;0.000;0.000;2;0.000;0.000;0.000;3;0.000;0.000;0.000;4;0.000;0.000;0.000;5;0.000;0.000;0.000;6;0.000;0.000;0.000;7;0.000;0.000;0.000;8;0.000;0.000;0.000;9;0.000;0.000;0.000;10;0.000;0.000;0.000;10;0.000;0.000;0.000;12;0.000;0.000;0.000;13;0.000;0.000;0.000;14;0.000;0.000;0.000;15;0.000;0.000;0.000;16;0.000;0.000;0.000;17;0.000;0.000;0.000;18;0.000;0.000;0.000;19;0.000;0.000;0.000
Frame2;0.421;0;-1.251;0.564;2.937;1;-1.271;0.629;2.950;2;-1.289;0.966;2.951;3;-1.232;1.162;2.951;4;-1.379;0.864;2.854;5;-1.423;0.694;2.765;6;-1.188;0.750;2.747;7;-1.116;0.773;2.749;8;-1.163;0.855;3.063;9;-1.123;0.647;2.963;10;-1.151;0.739;2.761;10;-1.151;0.739;2.761;12;-1.294;0.502;2.888;13;-1.330;0.176;2.819;14;-1.363;-0.070;2.784;15;0.000;0.000;0.000;16;-1.196;0.495;2.977;17;-1.151;0.113;2.970;18;-1.125;-0.116;2.979;19;-1.074;-0.150;2.924
Frame3;0.463;0;-1.236;0.572;2.939;1;-1.264;0.633;2.959;2;-1.279;0.966;2.955;3;-1.228;1.165;2.957;4;-1.373;0.863;2.861;5;-1.420;0.691;2.771;6;-1.187;0.750;2.748;7;-1.118;0.772;2.749;8;-1.143;0.851;3.070;9;-1.093;0.651;2.998;10;-1.081;0.745;2.793;10;-1.081;0.745;2.793;12;-1.282;0.506;2.887;13;-1.322;0.171;2.820;14;-1.360;-0.069;2.782;15;0.000;0.000;0.000;16;-1.181;0.498;2.981;17;-1.144;0.115;2.969;18;-1.122;-0.109;2.970;19;-1.072;-0.142;2.912
Frame4;0.480;0;-1.220;0.568;2.941;1;-1.252;0.629;2.966;2;-1.267;0.963;2.959;3;-1.225;1.166;2.962;4;-1.363;0.859;2.872;5;-1.409;0.684;2.785;6;-1.184;0.750;2.749;7;-1.120;0.772;2.749;8;-1.128;0.848;3.075;9;-1.078;0.650;3.008;10;-1.073;0.742;2.797;10;-1.073;0.742;2.797;12;-1.270;0.502;2.887;13;-1.306;0.161;2.826;14;-1.358;-0.068;2.781;15;-1.348;-0.122;2.780;16;-1.162;0.492;2.982;17;-1.134;0.116;2.967;18;-1.120;-0.106;2.965;19;-1.071;-0.139;2.906
Frame5;0.497;0;-1.220;0.568;2.941;1;-1.252;0.629;2.966;2;-1.267;0.963;2.959;3;-1.225;1.166;2.962;4;-1.363;0.859;2.872;5;-1.409;0.684;2.785;6;-1.184;0.750;2.749;7;-1.120;0.772;2.749;8;-1.128;0.848;3.075;9;-1.078;0.650;3.008;10;-1.073;0.742;2.797;10;-1.073;0.742;2.797;12;-1.270;0.502;2.887;13;-1.306;0.161;2.826;14;-1.358;-0.068;2.781;15;-1.348;-0.122;2.780;16;-1.162;0.492;2.982;17;-1.134;0.116;2.967;18;-1.120;-0.106;2.965;19;-1.071;-0.139;2.906
Frame6;0.514;0;-1.203;0.572;2.944;1;-1.238;0.630;2.972;2;-1.255;0.960;2.964;3;-1.221;1.167;2.968;4;-1.352;0.855;2.881;5;-1.397;0.678;2.805;6;-1.179;0.750;2.752;7;-1.119;0.772;2.750;8;-1.109;0.845;3.081;9;-1.064;0.649;3.012;10;-1.044;0.763;2.791;10;-1.044;0.763;2.791;12;-1.255;0.503;2.886;13;-1.289;0.158;2.829;14;-1.352;-0.067;2.780;15;-1.348;-0.122;2.780;16;-1.142;0.492;2.988;17;-1.115;0.122;2.965;18;-1.108;-0.107;2.966;19;-1.062;-0.139;2.905
Frame7;0.531;0;-1.203;0.572;2.944;1;-1.238;0.630;2.972;2;-1.255;0.960;2.964;3;-1.221;1.167;2.968;4;-1.352;0.855;2.881;5;-1.397;0.678;2.805;6;-1.179;0.750;2.752;7;-1.119;0.772;2.750;8;-1.109;0.845;3.081;9;-1.064;0.649;3.012;10;-1.044;0.763;2.791;10;-1.044;0.763;2.791;12;-1.255;0.503;2.886;13;-1.289;0.158;2.829;14;-1.352;-0.067;2.780;15;-1.348;-0.122;2.780;16;-1.142;0.492;2.988;17;-1.115;0.122;2.965;18;-1.108;-0.107;2.966;19;-1.062;-0.139;2.905
Frame8;0.548;0;-1.188;0.578;2.948;1;-1.221;0.636;2.978;2;-1.238;0.959;2.969;3;-1.197;1.156;2.973;4;-1.340;0.853;2.891;5;-1.386;0.675;2.821;6;-1.171;0.749;2.758;7;-1.116;0.771;2.752;8;-1.092;0.855;3.089;9;-1.052;0.648;3.012;10;-1.028;0.746;2.814;10;-1.028;0.746;2.814;12;-1.233;0.507;2.888;13;-1.258;0.146;2.837;14;-1.348;-0.068;2.779;15;-1.348;-0.122;2.780;16;-1.127;0.496;2.993;17;-1.102;0.125;2.962;18;-1.098;-0.113;2.968;19;-1.053;-0.145;2.907
Frame9;0.564;0;-1.188;0.578;2.948;1;-1.221;0.636;2.978;2;-1.238;0.959;2.969;3;-1.197;1.156;2.973;4;-1.340;0.853;2.891;5;-1.386;0.675;2.821;6;-1.171;0.749;2.758;7;-1.116;0.771;2.752;8;-1.092;0.855;3.089;9;-1.052;0.648;3.012;10;-1.028;0.746;2.814;10;-1.028;0.746;2.814;12;-1.233;0.507;2.888;13;-1.258;0.146;2.837;14;-1.348;-0.068;2.779;15;-1.348;-0.122;2.780;16;-1.127;0.496;2.993;17;-1.102;0.125;2.962;18;-1.098;-0.113;2.968;19;-1.053;-0.145;2.907
Frame10;0.581;0;-1.171;0.576;2.951;1;-1.201;0.634;2.982;2;-1.217;0.959;2.978;3;-1.189;1.154;2.979;4;-1.324;0.852;2.902;5;-1.373;0.671;2.841;6;-1.161;0.748;2.764;7;-1.105;0.770;2.758;8;-1.080;0.861;3.094;9;-1.037;0.647;3.011;10;-1.015;0.755;2.805;10;-1.015;0.755;2.805;12;-1.216;0.506;2.891;13;-1.244;0.140;2.841;14;-1.339;-0.067;2.777;15;-1.348;-0.122;2.780;16;-1.111;0.496;2.995;17;-1.088;0.128;2.961;18;-1.094;-0.113;2.967;19;-1.050;-0.145;2.905
Frame11;0.598;0;-1.171;0.576;2.951;1;-1.201;0.634;2.982;2;-1.217;0.959;2.978;3;-1.189;1.154;2.979;4;-1.324;0.852;2.902;5;-1.373;0.671;2.841;6;-1.161;0.748;2.764;7;-1.105;0.770;2.758;8;-1.080;0.861;3.094;9;-1.037;0.647;3.011;10;-1.015;0.755;2.805;10;-1.015;0.755;2.805;12;-1.216;0.506;2.891;13;-1.244;0.140;2.841;14;-1.339;-0.067;2.777;15;-1.348;-0.122;2.780;16;-1.111;0.496;2.995;17;-1.088;0.128;2.961;18;-1.094;-0.113;2.967;19;-1.050;-0.145;2.905
Frame12;0.615;0;-1.159;0.575;2.954;1;-1.188;0.633;2.986;2;-1.201;0.958;2.984;3;-1.181;1.155;2.986;4;-1.311;0.852;2.911;5;-1.365;0.670;2.853;6;-1.152;0.746;2.769;7;-1.096;0.768;2.762;8;-1.067;0.866;3.096;9;-1.028;0.644;3.012;10;-0.985;0.737;2.831;10;-0.985;0.737;2.831;12;-1.204;0.505;2.896;13;-1.236;0.137;2.843;14;-1.333;-0.067;2.776;15;-1.348;-0.122;2.780;16;-1.100;0.497;2.996;17;-1.070;0.127;2.964;18;-1.083;-0.129;2.974;19;-1.041;-0.161;2.911
Frame13;0.632;0;-1.159;0.575;2.954;1;-1.188;0.633;2.986;2;-1.201;0.958;2.984;3;-1.181;1.155;2.986;4;-1.311;0.852;2.911;5;-1.365;0.670;2.853;6;-1.152;0.746;2.769;7;-1.096;0.768;2.762;8;-1.067;0.866;3.096;9;-1.028;0.644;3.012;10;-0.985;0.737;2.831;10;-0.985;0.737;2.831;12;-1.204;0.505;2.896;13;-1.236;0.137;2.843;14;-1.333;-0.067;2.776;15;-1.348;-0.122;2.780;16;-1.100;0.497;2.996;17;-1.070;0.127;2.964;18;-1.083;-0.129;2.974;19;-1.041;-0.161;2.911
Frame14;0.649;0;-1.147;0.571;2.957;1;-1.173;0.629;2.991;2;-1.186;0.957;2.992;3;-1.171;1.155;2.994;4;-1.300;0.849;2.918;5;-1.356;0.669;2.869;6;-1.144;0.743;2.775;7;-1.088;0.766;2.766;8;-1.046;0.866;3.091;9;-1.002;0.640;3.006;10;-0.976;0.733;2.837;10;-0.976;0.733;2.837;12;-1.194;0.503;2.901;13;-1.229;0.135;2.844;14;-1.317;-0.070;2.775;15;-1.348;-0.122;2.780;16;-1.083;0.494;2.997;17;-1.057;0.124;2.966;18;-1.078;-0.135;2.975;19;-1.038;-0.166;2.911
Frame15;0.667;0;-1.147;0.571;2.957;1;-1.173;0.629;2.991;2;-1.186;0.957;2.992;3;-1.171;1.155;2.994;4;-1.300;0.849;2.918;5;-1.356;0.669;2.869;6;-1.144;0.743;2.775;7;-1.088;0.766;2.766;8;-1.046;0.866;3.091;9;-1.002;0.640;3.006;10;-0.976;0.733;2.837;10;-0.976;0.733;2.837;12;-1.194;0.503;2.901;13;-1.229;0.135;2.844;14;-1.317;-0.070;2.775;15;-1.348;-0.122;2.780;16;-1.083;0.494;2.997;17;-1.057;0.124;2.966;18;-1.078;-0.135;2.975;19;-1.038;-0.166;2.911
Frame16;0.683;0;-1.137;0.568;2.961;1;-1.161;0.626;2.997;2;-1.172;0.954;3.002;3;-1.160;1.155;3.001;4;-1.288;0.847;2.925;5;-1.349;0.669;2.881;6;-1.139;0.741;2.778;7;-1.046;0.764;2.764;8;-1.012;0.849;3.079;9;-0.967;0.647;3.005;10;-0.974;0.728;2.835;10;-0.974;0.728;2.835;12;-1.187;0.501;2.905;13;-1.223;0.134;2.844;14;-1.303;-0.072;2.774;15;-1.348;-0.122;2.780;16;-1.072;0.491;2.998;17;-1.047;0.124;2.967;18;-1.064;-0.108;2.961;19;-1.029;-0.140;2.893
Frame17;0.700;0;-1.137;0.568;2.961;1;-1.161;0.626;2.997;2;-1.172;0.954;3.002;3;-1.160;1.155;3.001;4;-1.288;0.847;2.925;5;-1.349;0.669;2.881;6;-1.139;0.741;2.778;7;-1.046;0.764;2.764;8;-1.012;0.849;3.079;9;-0.967;0.647;3.005;10;-0.974;0.728;2.835;10;-0.974;0.728;2.835;12;-1.187;0.501;2.905;13;-1.223;0.134;2.844;14;-1.303;-0.072;2.774;15;-1.348;-0.122;2.780;16;-1.072;0.491;2.998;17;-1.047;0.124;2.967;18;-1.064;-0.108;2.961;19;-1.029;-0.140;2.893
Frame18;0.717;0;-1.127;0.564;2.965;1;-1.148;0.622;3.003;2;-1.155;0.952;3.011;3;-1.151;1.156;3.007;4;-1.280;0.846;2.932;5;-1.340;0.667;2.894;6;-1.135;0.736;2.778;7;-1.037;0.757;2.766;8;-0.996;0.842;3.074;9;-0.951;0.648;3.004;10;-0.972;0.725;2.834;10;-0.972;0.725;2.834;12;-1.179;0.498;2.912;13;-1.213;0.134;2.842;14;-1.292;-0.074;2.775;15;-1.348;-0.122;2.780;16;-1.061;0.488;2.997;17;-1.037;0.123;2.968;18;-1.051;-0.102;2.957;19;-1.019;-0.135;2.887
Frame19;0.734;0;-1.127;0.564;2.965;1;-1.148;0.622;3.003;2;-1.155;0.952;3.011;3;-1.151;1.156;3.007;4;-1.280;0.846;2.932;5;-1.340;0.667;2.894;6;-1.135;0.736;2.778;7;-1.037;0.757;2.766;8;-0.996;0.842;3.074;9;-0.951;0.648;3.004;10;-0.972;0.725;2.834;10;-0.972;0.725;2.834;12;-1.179;0.498;2.912;13;-1.213;0.134;2.842;14;-1.292;-0.074;2.775;15;-1.348;-0.122;2.780;16;-1.061;0.488;2.997;17;-1.037;0.123;2.968;18;-1.051;-0.102;2.957;19;-1.019;-0.135;2.887
Frame20;0.751;0;-1.117;0.559;2.969;1;-1.137;0.617;3.008;2;-1.140;0.951;3.017;3;-1.140;1.156;3.011;4;-1.270;0.846;2.940;5;-1.331;0.665;2.901;6;-1.118;0.726;2.789;7;-1.032;0.748;2.776;8;-0.983;0.836;3.072;9;-0.939;0.648;3.006;10;-0.971;0.722;2.833;10;-0.971;0.722;2.833;12;-1.172;0.494;2.920;13;-1.181;0.118;2.855;14;-1.242;-0.082;2.777;15;-1.348;-0.122;2.780;16;-1.050;0.484;2.997;17;-1.030;0.121;2.968;18;-1.044;-0.098;2.955;19;-1.013;-0.131;2.883
Frame21;0.768;0;-1.117;0.559;2.969;1;-1.137;0.617;3.008;2;-1.140;0.951;3.017;3;-1.140;1.156;3.011;4;-1.270;0.846;2.940;5;-1.331;0.665;2.901;6;-1.118;0.726;2.789;7;-1.032;0.748;2.776;8;-0.983;0.836;3.072;9;-0.939;0.648;3.006;10;-0.971;0.722;2.833;10;-0.971;0.722;2.833;12;-1.172;0.494;2.920;13;-1.181;0.118;2.855;14;-1.242;-0.082;2.777;15;-1.348;-0.122;2.780;16;-1.050;0.484;2.997;17;-1.030;0.121;2.968;18;-1.044;-0.098;2.955;19;-1.013;-0.131;2.883
Frame22;0.785;0;-1.107;0.555;2.973;1;-1.125;0.614;3.014;2;-1.120;0.949;3.026;3;-1.131;1.158;3.016;4;-1.261;0.846;2.946;5;-1.320;0.664;2.911;6;-1.095;0.708;2.812;7;-1.013;0.742;2.777;8;-0.974;0.834;3.070;9;-0.932;0.649;3.006;10;-0.972;0.719;2.830;10;-0.972;0.719;2.830;12;-1.163;0.491;2.930;13;-1.169;0.124;2.845;14;-1.224;-0.080;2.782;15;-1.348;-0.122;2.780;16;-1.041;0.482;2.996;17;-1.024;0.119;2.969;18;-1.037;-0.097;2.956;19;-1.008;-0.130;2.882
Frame23;0.801;0;-1.107;0.555;2.973;1;-1.125;0.614;3.014;2;-1.120;0.949;3.026;3;-1.131;1.158;3.016;4;-1.261;0.846;2.946;5;-1.320;0.664;2.911;6;-1.095;0.708;2.812;7;-1.013;0.742;2.777;8;-0.974;0.834;3.070;9;-0.932;0.649;3.006;10;-0.972;0.719;2.830;10;-0.972;0.719;2.830;12;-1.163;0.491;2.930;13;-1.169;0.124;2.845;14;-1.224;-0.080;2.782;15;-1.348;-0.122;2.780;16;-1.041;0.482;2.996;17;-1.024;0.119;2.969;18;-1.037;-0.097;2.956;19;-1.008;-0.130;2.882
Frame24;0.818;0;-1.099;0.553;2.976;1;-1.116;0.612;3.018;2;-1.110;0.948;3.030;3;-1.122;1.160;3.020;4;-1.253;0.845;2.952;5;-1.313;0.664;2.917;6;-1.087;0.702;2.820;7;-1.052;0.744;2.780;8;-0.964;0.831;3.068;9;-0.925;0.649;3.007;10;-0.985;0.716;2.814;10;-0.985;0.716;2.814;12;-1.157;0.489;2.937;13;-1.163;0.134;2.833;14;-1.205;-0.073;2.785;15;-1.178;-0.106;2.702;16;-1.032;0.480;2.996;17;-1.020;0.117;2.969;18;-1.032;-0.097;2.956;19;-1.004;-0.130;2.881
Frame25;0.835;0;-1.099;0.553;2.976;1;-1.116;0.612;3.018;2;-1.110;0.948;3.030;3;-1.122;1.160;3.020;4;-1.253;0.845;2.952;5;-1.313;0.664;2.917;6;-1.087;0.702;2.820;7;-1.052;0.744;2.780;8;-0.964;0.831;3.068;9;-0.925;0.649;3.007;10;-0.985;0.716;2.814;10;-0.985;0.716;2.814;12;-1.157;0.489;2.937;13;-1.163;0.134;2.833;14;-1.205;-0.073;2.785;15;-1.178;-0.106;2.702;16;-1.032;0.480;2.996;17;-1.020;0.117;2.969;18;-1.032;-0.097;2.956;19;-1.004;-0.130;2.881
Frame26;0.851;0;-1.093;0.551;2.978;1;-1.109;0.610;3.021;2;-1.103;0.947;3.032;3;-1.113;1.163;3.023;4;-1.246;0.844;2.956;5;-1.303;0.662;2.923;6;-1.081;0.696;2.821;7;-1.039;0.708;2.802;8;-0.957;0.831;3.067;9;-0.920;0.650;3.008;10;-1.003;0.699;2.791;10;-1.003;0.699;2.791;12;-1.153;0.488;2.942;13;-1.159;0.144;2.824;14;-1.195;-0.067;2.786;15;-1.221;-0.113;2.767;16;-1.025;0.479;2.995;17;-1.017;0.115;2.969;18;-1.028;-0.097;2.957;19;-1.001;-0.130;2.880
Frame27;0.869;0;-1.093;0.551;2.978;1;-1.109;0.610;3.021;2;-1.103;0.947;3.032;3;-1.113;1.163;3.023;4;-1.246;0.844;2.956;5;-1.303;0.662;2.923;6;-1.081;0.696;2.821;7;-1.039;0.708;2.802;8;-0.957;0.831;3.067;9;-0.920;0.650;3.008;10;-1.003;0.699;2.791;10;-1.003;0.699;2.791;12;-1.153;0.488;2.942;13;-1.159;0.144;2.824;14;-1.195;-0.067;2.786;15;-1.221;-0.113;2.767;16;-1.025;0.479;2.995;17;-1.017;0.115;2.969;18;-1.028;-0.097;2.957;19;-1.001;-0.130;2.880
Frame28;0.886;0;-1.088;0.550;2.979;1;-1.103;0.610;3.023;2;-1.098;0.947;3.032;3;-1.105;1.165;3.024;4;-1.240;0.843;2.960;5;-1.297;0.662;2.927;6;-1.074;0.689;2.828;7;-1.008;0.687;2.802;8;-0.949;0.832;3.064;9;-0.917;0.650;3.008;10;-1.011;0.688;2.779;10;-1.011;0.688;2.779;12;-1.149;0.488;2.945;13;-1.158;0.151;2.817;14;-1.185;-0.063;2.785;15;-1.229;-0.115;2.789;16;-1.020;0.478;2.994;17;-1.014;0.113;2.968;18;-1.025;-0.097;2.957;19;-0.999;-0.131;2.880
Frame29;0.902;0;-1.084;0.551;2.980;1;-1.098;0.610;3.024;2;-1.091;0.947;3.032;3;-1.097;1.167;3.024;4;-1.235;0.844;2.963;5;-1.287;0.665;2.929;6;-1.066;0.685;2.831;7;-0.996;0.677;2.800;8;-0.941;0.838;3.062;9;-0.914;0.650;3.008;10;-1.015;0.680;2.774;10;-1.015;0.680;2.774;12;-1.146;0.488;2.947;13;-1.157;0.156;2.813;14;-1.179;-0.059;2.784;15;-1.232;-0.116;2.796;16;-1.015;0.479;2.993;17;-1.012;0.112;2.968;18;-1.023;-0.098;2.958;19;-1.051;-0.175;2.967
Frame30;0.919;0;-1.084;0.551;2.980;1;-1.098;0.610;3.024;2;-1.091;0.947;3.032;3;-1.097;1.167;3.024;4;-1.235;0.844;2.963;5;-1.287;0.665;2.929;6;-1.066;0.685;2.831;7;-0.996;0.677;2.800;8;-0.941;0.838;3.062;9;-0.914;0.650;3.008;10;-1.015;0.680;2.774;10;-1.015;0.680;2.774;12;-1.146;0.488;2.947;13;-1.157;0.156;2.813;14;-1.179;-0.059;2.784;15;-1.232;-0.116;2.796;16;-1.015;0.479;2.993;17;-1.012;0.112;2.968;18;-1.023;-0.098;2.958;19;-1.051;-0.175;2.967
Frame31;0.937;0;-1.084;0.551;2.980;1;-1.098;0.610;3.024;2;-1.091;0.947;3.032;3;-1.097;1.167;3.024;4;-1.235;0.844;2.963;5;-1.287;0.665;2.929;6;-1.066;0.685;2.831;7;-0.996;0.677;2.800;8;-0.941;0.838;3.062;9;-0.914;0.650;3.008;10;-1.015;0.680;2.774;10;-1.015;0.680;2.774;12;-1.146;0.488;2.947;13;-1.157;0.156;2.813;14;-1.179;-0.059;2.784;15;-1.232;-0.116;2.796;16;-1.015;0.479;2.993;17;-1.012;0.112;2.968;18;-1.023;-0.098;2.958;19;-1.051;-0.175;2.967
Frame32;0.953;0;-1.080;0.551;2.980;1;-1.093;0.611;3.025;2;-1.084;0.948;3.030;3;-1.089;1.168;3.024;4;-1.231;0.844;2.966;5;-1.286;0.678;2.944;6;-1.067;0.683;2.836;7;-0.988;0.671;2.798;8;-0.935;0.842;3.059;9;-0.911;0.651;3.008;10;-1.007;0.668;2.780;10;-1.007;0.668;2.780;12;-1.144;0.488;2.949;13;-1.156;0.159;2.809;14;-1.173;-0.054;2.776;15;-1.231;-0.117;2.786;16;-1.011;0.480;2.991;17;-1.011;0.112;2.967;18;-1.021;-0.098;2.959;19;-1.070;-0.191;3.000
Frame33;0.971;0;-1.076;0.552;2.979;1;-1.089;0.613;3.024;2;-1.073;0.951;3.025;3;-1.083;1.169;3.023;4;-1.227;0.845;2.968;5;-1.271;0.679;2.945;6;-1.055;0.675;2.834;7;-0.983;0.666;2.795;8;-0.930;0.847;3.056;9;-0.909;0.651;3.008;10;-0.998;0.660;2.786;10;-0.998;0.660;2.786;12;-1.142;0.488;2.950;13;-1.155;0.161;2.807;14;-1.169;-0.050;2.768;15;-1.228;-0.116;2.768;16;-1.007;0.482;2.988;17;-1.010;0.111;2.967;18;-1.020;-0.099;2.959;19;-1.017;-0.154;2.911
Frame34;0.987;0;-1.076;0.552;2.979;1;-1.089;0.613;3.024;2;-1.073;0.951;3.025;3;-1.083;1.169;3.023;4;-1.227;0.845;2.968;5;-1.271;0.679;2.945;6;-1.055;0.675;2.834;7;-0.983;0.666;2.795;8;-0.930;0.847;3.056;9;-0.909;0.651;3.008;10;-0.998;0.660;2.786;10;-0.998;0.660;2.786;12;-1.142;0.488;2.950;13;-1.155;0.161;2.807;14;-1.169;-0.050;2.768;15;-1.228;-0.116;2.768;16;-1.007;0.482;2.988;17;-1.010;0.111;2.967;18;-1.020;-0.099;2.959;19;-1.017;-0.154;2.911
Frame35;1.005;0;-1.073;0.553;2.978;1;-1.084;0.614;3.023;2;-1.065;0.953;3.019;3;-1.077;1.169;3.022;4;-1.224;0.847;2.969;5;-1.262;0.679;2.944;6;-1.049;0.670;2.832;7;-0.979;0.661;2.790;8;-0.927;0.850;3.053;9;-0.907;0.652;3.008;10;-0.970;0.639;2.814;10;-0.970;0.639;2.814;12;-1.140;0.489;2.950;13;-1.154;0.162;2.805;14;-1.168;-0.047;2.759;15;-1.209;-0.110;2.723;16;-1.004;0.484;2.985;17;-1.007;0.119;2.963;18;-1.018;-0.099;2.959;19;-1.011;-0.150;2.902
Frame36;1.021;0;-1.073;0.553;2.978;1;-1.084;0.614;3.023;2;-1.065;0.953;3.019;3;-1.077;1.169;3.022;4;-1.224;0.847;2.969;5;-1.262;0.679;2.944;6;-1.049;0.670;2.832;7;-0.979;0.661;2.790;8;-0.927;0.850;3.053;9;-0.907;0.652;3.008;10;-0.970;0.639;2.814;10;-0.970;0.639;2.814;12;-1.140;0.489;2.950;13;-1.154;0.162;2.805;14;-1.168;-0.047;2.759;15;-1.209;-0.110;2.723;16;-1.004;0.484;2.985;17;-1.007;0.119;2.963;18;-1.018;-0.099;2.959;19;-1.011;-0.150;2.902
Frame37;1.038;0;-1.073;0.553;2.978;1;-1.084;0.614;3.023;2;-1.065;0.953;3.019;3;-1.077;1.169;3.022;4;-1.224;0.847;2.969;5;-1.262;0.679;2.944;6;-1.049;0.670;2.832;7;-0.979;0.661;2.790;8;-0.927;0.850;3.053;9;-0.907;0.652;3.008;10;-0.970;0.639;2.814;10;-0.970;0.639;2.814;12;-1.140;0.489;2.950;13;-1.154;0.162;2.805;14;-1.168;-0.047;2.759;15;-1.209;-0.110;2.723;16;-1.004;0.484;2.985;17;-1.007;0.119;2.963;18;-1.018;-0.099;2.959;19;-1.011;-0.150;2.902
Frame38;1.055;0;-1.069;0.555;2.975;1;-1.080;0.616;3.020;2;-1.058;0.954;3.012;3;-1.072;1.169;3.019;4;-1.221;0.848;2.970;5;-1.256;0.678;2.943;6;-1.045;0.666;2.830;7;-0.978;0.657;2.785;8;-0.923;0.853;3.050;9;-0.903;0.652;3.006;10;-0.969;0.635;2.806;10;-0.969;0.635;2.806;12;-1.138;0.490;2.949;13;-1.154;0.164;2.804;14;-1.168;-0.044;2.750;15;-1.191;-0.099;2.683;16;-1.001;0.485;2.982;17;-1.004;0.123;2.959;18;-1.017;-0.099;2.959;19;-1.047;-0.171;2.963
Frame39;1.071;0;-1.066;0.557;2.970;1;-1.075;0.618;3.016;2;-1.053;0.954;3.007;3;-1.066;1.167;3.012;4;-1.218;0.849;2.969;5;-1.252;0.677;2.942;6;-1.045;0.656;2.821;7;-0.978;0.654;2.781;8;-0.920;0.855;3.047;9;-0.900;0.653;3.003;10;-0.973;0.635;2.790;10;-0.973;0.635;2.790;12;-1.135;0.492;2.946;13;-1.154;0.164;2.803;14;-1.168;-0.042;2.742;15;-1.182;-0.095;2.666;16;-0.998;0.487;2.975;17;-1.003;0.125;2.957;18;-1.016;-0.099;2.959;19;-1.012;-0.149;2.904
Frame40;1.088;0;-1.066;0.557;2.970;1;-1.075;0.618;3.016;2;-1.053;0.954;3.007;3;-1.066;1.167;3.012;4;-1.218;0.849;2.969;5;-1.252;0.677;2.942;6;-1.045;0.656;2.821;7;-0.978;0.654;2.781;8;-0.920;0.855;3.047;9;-0.900;0.653;3.003;10;-0.973;0.635;2.790;10;-0.973;0.635;2.790;12;-1.135;0.492;2.946;13;-1.154;0.164;2.803;14;-1.168;-0.042;2.742;15;-1.182;-0.095;2.666;16;-0.998;0.487;2.975;17;-1.003;0.125;2.957;18;-1.016;-0.099;2.959;19;-1.012;-0.149;2.904
Frame41;1.105;0;-1.062;0.557;2.963;1;-1.071;0.618;3.009;2;-1.048;0.953;2.998;3;-1.056;1.165;2.996;4;-1.214;0.850;2.966;5;-1.251;0.674;2.940;6;-1.045;0.650;2.816;7;-1.002;0.671;2.777;8;-0.915;0.857;3.037;9;-0.895;0.653;2.997;10;-0.971;0.635;2.788;10;-0.971;0.635;2.788;12;-1.132;0.492;2.941;13;-1.154;0.165;2.802;14;-1.168;-0.040;2.736;15;-1.178;-0.092;2.657;16;-0.996;0.487;2.966;17;-1.002;0.126;2.955;18;-1.016;-0.099;2.958;19;-1.047;-0.172;2.959
Frame42;1.122;0;-1.062;0.557;2.963;1;-1.071;0.618;3.009;2;-1.048;0.953;2.998;3;-1.056;1.165;2.996;4;-1.214;0.850;2.966;5;-1.251;0.674;2.940;6;-1.045;0.650;2.816;7;-1.002;0.671;2.777;8;-0.915;0.857;3.037;9;-0.895;0.653;2.997;10;-0.971;0.635;2.788;10;-0.971;0.635;2.788;12;-1.132;0.492;2.941;13;-1.154;0.165;2.802;14;-1.168;-0.040;2.736;15;-1.178;-0.092;2.657;16;-0.996;0.487;2.966;17;-1.002;0.126;2.955;18;-1.016;-0.099;2.958;19;-1.047;-0.172;2.959
Frame43;1.139;0;-1.060;0.556;2.954;1;-1.068;0.617;3.000;2;-1.046;0.953;2.988;3;-1.051;1.164;2.986;4;-1.210;0.850;2.961;5;-1.252;0.669;2.935;6;-1.241;0.591;2.744;7;-1.255;0.595;2.663;8;-0.912;0.856;3.030;9;-0.891;0.653;2.989;10;-0.969;0.634;2.787;10;-0.969;0.634;2.787;12;-1.129;0.491;2.933;13;-1.154;0.165;2.802;14;-1.167;-0.038;2.731;15;-1.175;-0.091;2.650;16;-0.994;0.486;2.957;17;-1.001;0.127;2.953;18;-1.015;-0.099;2.958;19;-1.063;-0.182;2.982
Frame44;1.156;0;-1.060;0.556;2.954;1;-1.068;0.617;3.000;2;-1.046;0.953;2.988;3;-1.051;1.164;2.986;4;-1.210;0.850;2.961;5;-1.252;0.669;2.935;6;-1.241;0.591;2.744;7;-1.255;0.595;2.663;8;-0.912;0.856;3.030;9;-0.891;0.653;2.989;10;-0.969;0.634;2.787;10;-0.969;0.634;2.787;12;-1.129;0.491;2.933;13;-1.154;0.165;2.802;14;-1.167;-0.038;2.731;15;-1.175;-0.091;2.650;16;-0.994;0.486;2.957;17;-1.001;0.127;2.953;18;-1.015;-0.099;2.958;19;-1.063;-0.182;2.982
Frame45;1.173;0;-1.058;0.555;2.945;1;-1.065;0.616;2.992;2;-1.044;0.952;2.976;3;-1.048;1.162;2.976;4;-1.208;0.850;2.957;5;-1.253;0.664;2.929;6;-1.287;0.565;2.745;7;-1.311;0.563;2.661;8;-0.908;0.852;3.020;9;-0.887;0.654;2.981;10;-0.969;0.633;2.785;10;-0.969;0.633;2.785;12;-1.127;0.490;2.925;13;-1.154;0.166;2.801;14;-1.165;-0.036;2.726;15;-1.172;-0.088;2.647;16;-0.993;0.484;2.949;17;-1.001;0.127;2.950;18;-1.014;-0.099;2.957;19;-1.069;-0.186;2.993
Frame46;1.189;0;-1.058;0.555;2.945;1;-1.065;0.616;2.992;2;-1.044;0.952;2.976;3;-1.048;1.162;2.976;4;-1.208;0.850;2.957;5;-1.253;0.664;2.929;6;-1.287;0.565;2.745;7;-1.311;0.563;2.661;8;-0.908;0.852;3.020;9;-0.887;0.654;2.981;10;-0.969;0.633;2.785;10;-0.969;0.633;2.785;12;-1.127;0.490;2.925;13;-1.154;0.166;2.801;14;-1.165;-0.036;2.726;15;-1.172;-0.088;2.647;16;-0.993;0.484;2.949;17;-1.001;0.127;2.950;18;-1.014;-0.099;2.957;19;-1.069;-0.186;2.993
Frame47;1.207;0;-1.055;0.552;2.934;1;-1.064;0.614;2.980;2;-1.043;0.951;2.966;3;-1.046;1.161;2.969;4;-1.201;0.842;2.924;5;-1.262;0.652;2.914;6;-1.326;0.538;2.737;7;-1.357;0.545;2.643;8;-0.904;0.848;3.010;9;-0.883;0.654;2.973;10;-0.969;0.632;2.783;10;-0.969;0.632;2.783;12;-1.124;0.488;2.913;13;-1.154;0.167;2.800;14;-1.164;-0.033;2.722;15;-1.172;-0.086;2.645;16;-0.991;0.481;2.938;17;-1.000;0.128;2.948;18;-1.013;-0.099;2.955;19;-1.073;-0.189;2.999
Frame48;1.224;0;-1.055;0.552;2.934;1;-1.064;0.614;2.980;2;-1.043;0.951;2.966;3;-1.046;1.161;2.969;4;-1.201;0.842;2.924;5;-1.262;0.652;2.914;6;-1.326;0.538;2.737;7;-1.357;0.545;2.643;8;-0.904;0.848;3.010;9;-0.883;0.654;2.973;10;-0.969;0.632;2.783;10;-0.969;0.632;2.783;12;-1.124;0.488;2.913;13;-1.154;0.167;2.800;14;-1.164;-0.033;2.722;15;-1.172;-0.086;2.645;16;-0.991;0.481;2.938;17;-1.000;0.128;2.948;18;-1.013;-0.099;2.955;19;-1.073;-0.189;2.999
Frame49;1.241;0;-1.054;0.549;2.920;1;-1.064;0.611;2.967;2;-1.043;0.951;2.957;3;-1.048;1.160;2.958;4;-1.199;0.838;2.909;5;-1.271;0.643;2.901;6;-1.351;0.536;2.727;7;-1.366;0.541;2.623;8;-0.902;0.842;2.993;9;-0.879;0.653;2.967;10;-0.964;0.629;2.782;10;-0.964;0.629;2.782;12;-1.123;0.484;2.899;13;-1.153;0.169;2.798;14;-1.163;-0.032;2.719;15;-1.171;-0.084;2.644;16;-0.990;0.477;2.925;17;-1.000;0.128;2.943;18;-1.012;-0.099;2.952;19;-1.010;-0.147;2.889
Frame50;1.257;0;-1.054;0.549;2.920;1;-1.064;0.611;2.967;2;-1.043;0.951;2.957;3;-1.048;1.160;2.958;4;-1.199;0.838;2.909;5;-1.271;0.643;2.901;6;-1.351;0.536;2.727;7;-1.366;0.541;2.623;8;-0.902;0.842;2.993;9;-0.879;0.653;2.967;10;-0.964;0.629;2.782;10;-0.964;0.629;2.782;12;-1.123;0.484;2.899;13;-1.153;0.169;2.798;14;-1.163;-0.032;2.719;15;-1.171;-0.084;2.644;16;-0.990;0.477;2.925;17;-1.000;0.128;2.943;18;-1.012;-0.099;2.952;19;-1.010;-0.147;2.889
Frame51;1.274;0;-1.055;0.546;2.907;1;-1.065;0.609;2.954;2;-1.045;0.951;2.944;3;-1.054;1.158;2.943;4;-1.198;0.834;2.890;5;-1.279;0.629;2.878;6;-1.362;0.532;2.711;7;-1.378;0.535;2.620;8;-0.903;0.839;2.981;9;-0.868;0.645;2.959;10;-0.968;0.616;2.759;10;-0.968;0.616;2.759;12;-1.122;0.482;2.886;13;-1.153;0.174;2.792;14;-1.163;-0.030;2.714;15;-1.170;-0.083;2.643;16;-0.991;0.474;2.912;17;-0.999;0.129;2.934;18;-1.012;-0.099;2.948;19;-0.993;-0.138;2.861
Frame52;1.291;0;-1.055;0.546;2.907;1;-1.065;0.609;2.954;2;-1.045;0.951;2.944;3;-1.054;1.158;2.943;4;-1.198;0.834;2.890;5;-1.279;0.629;2.878;6;-1.362;0.532;2.711;7;-1.378;0.535;2.620;8;-0.903;0.839;2.981;9;-0.868;0.645;2.959;10;-0.968;0.616;2.759;10;-0.968;0.616;2.759;12;-1.122;0.482;2.886;13;-1.153;0.174;2.792;14;-1.163;-0.030;2.714;15;-1.170;-0.083;2.643;16;-0.991;0.474;2.912;17;-0.999;0.129;2.934;18;-1.012;-0.099;2.948;19;-0.993;-0.138;2.861
Frame53;1.308;0;-1.057;0.542;2.886;1;-1.068;0.605;2.932;2;-1.052;0.948;2.919;3;-1.060;1.160;2.933;4;-1.199;0.832;2.876;5;-1.285;0.621;2.863;6;-1.368;0.529;2.700;7;-1.387;0.525;2.605;8;-0.907;0.837;2.963;9;-0.866;0.643;2.948;10;-0.970;0.606;2.739;10;-0.970;0.606;2.739;12;-1.123;0.478;2.864;13;-1.154;0.181;2.777;14;-1.163;-0.028;2.707;15;-1.154;-0.069;2.622;16;-0.993;0.471;2.892;17;-0.998;0.131;2.919;18;-1.010;-0.098;2.941;19;-0.976;-0.126;2.827
Frame54;1.325;0;-1.057;0.542;2.886;1;-1.068;0.605;2.932;2;-1.052;0.948;2.919;3;-1.060;1.160;2.933;4;-1.199;0.832;2.876;5;-1.285;0.621;2.863;6;-1.368;0.529;2.700;7;-1.387;0.525;2.605;8;-0.907;0.837;2.963;9;-0.866;0.643;2.948;10;-0.970;0.606;2.739;10;-0.970;0.606;2.739;12;-1.123;0.478;2.864;13;-1.154;0.181;2.777;14;-1.163;-0.028;2.707;15;-1.154;-0.069;2.622;16;-0.993;0.471;2.892;17;-0.998;0.131;2.919;18;-1.010;-0.098;2.941;19;-0.976;-0.126;2.827
Frame55;1.341;0;-1.060;0.540;2.868;1;-1.072;0.603;2.915;2;-1.059;0.947;2.901;3;-1.080;1.158;2.894;4;-1.205;0.829;2.862;5;-1.289;0.617;2.851;6;-1.370;0.527;2.687;7;-1.388;0.519;2.598;8;-0.911;0.836;2.948;9;-0.868;0.648;2.929;10;-0.966;0.600;2.725;10;-0.966;0.600;2.725;12;-1.126;0.476;2.845;13;-1.154;0.185;2.767;14;-1.165;-0.026;2.700;15;-1.155;-0.070;2.621;16;-0.995;0.468;2.876;17;-0.997;0.132;2.905;18;-1.031;-0.088;2.892;19;-0.992;-0.113;2.775
Frame56;1.358;0;-1.060;0.540;2.868;1;-1.072;0.603;2.915;2;-1.059;0.947;2.901;3;-1.080;1.158;2.894;4;-1.205;0.829;2.862;5;-1.289;0.617;2.851;6;-1.370;0.527;2.687;7;-1.388;0.519;2.598;8;-0.911;0.836;2.948;9;-0.868;0.648;2.929;10;-0.966;0.600;2.725;10;-0.966;0.600;2.725;12;-1.126;0.476;2.845;13;-1.154;0.185;2.767;14;-1.165;-0.026;2.700;15;-1.155;-0.070;2.621;16;-0.995;0.468;2.876;17;-0.997;0.132;2.905;18;-1.031;-0.088;2.892;19;-0.992;-0.113;2.775
Frame57;1.375;0;-1.064;0.540;2.851;1;-1.076;0.603;2.899;2;-1.065;0.947;2.886;3;-1.091;1.158;2.875;4;-1.211;0.827;2.849;5;-1.293;0.614;2.840;6;-1.363;0.528;2.678;7;-1.377;0.515;2.596;8;-0.919;0.837;2.925;9;-0.872;0.654;2.910;10;-0.959;0.594;2.705;10;-0.959;0.594;2.705;12;-1.130;0.476;2.827;13;-1.153;0.188;2.754;14;-1.165;-0.025;2.696;15;-1.155;-0.070;2.621;16;-0.999;0.468;2.859;17;-1.000;0.140;2.882;18;-1.043;-0.081;2.863;19;-1.004;-0.107;2.752
Frame58;1.392;0;-1.064;0.540;2.851;1;-1.076;0.603;2.899;2;-1.065;0.947;2.886;3;-1.091;1.158;2.875;4;-1.211;0.827;2.849;5;-1.293;0.614;2.840;6;-1.363;0.528;2.678;7;-1.377;0.515;2.596;8;-0.919;0.837;2.925;9;-0.872;0.654;2.910;10;-0.959;0.594;2.705;10;-0.959;0.594;2.705;12;-1.130;0.476;2.827;13;-1.153;0.188;2.754;14;-1.165;-0.025;2.696;15;-1.155;-0.070;2.621;16;-0.999;0.468;2.859;17;-1.000;0.140;2.882;18;-1.043;-0.081;2.863;19;-1.004;-0.107;2.752
Frame59;1.408;0;-1.069;0.541;2.836;1;-1.081;0.603;2.883;2;-1.070;0.947;2.871;3;-1.102;1.157;2.854;4;-1.221;0.825;2.827;5;-1.295;0.612;2.829;6;-1.356;0.528;2.669;7;-1.371;0.510;2.591;8;-0.924;0.837;2.910;9;-0.875;0.660;2.893;10;-0.954;0.595;2.693;10;-0.954;0.595;2.693;12;-1.134;0.476;2.813;13;-1.153;0.190;2.741;14;-1.166;-0.024;2.693;15;-1.155;-0.070;2.621;16;-1.004;0.469;2.841;17;-1.001;0.145;2.869;18;-1.047;-0.078;2.851;19;-1.004;-0.107;2.752
Frame60;1.425;0;-1.069;0.541;2.836;1;-1.081;0.603;2.883;2;-1.070;0.947;2.871;3;-1.102;1.157;2.854;4;-1.221;0.825;2.827;5;-1.295;0.612;2.829;6;-1.356;0.528;2.669;7;-1.371;0.510;2.591;8;-0.924;0.837;2.910;9;-0.875;0.660;2.893;10;-0.954;0.595;2.693;10;-0.954;0.595;2.693;12;-1.134;0.476;2.813;13;-1.153;0.190;2.741;14;-1.166;-0.024;2.693;15;-1.155;-0.070;2.621;16;-1.004;0.469;2.841;17;-1.001;0.145;2.869;18;-1.047;-0.078;2.851;19;-1.004;-0.107;2.752
Frame61;1.442;0;-1.074;0.545;2.817;1;-1.085;0.606;2.866;2;-1.074;0.947;2.859;3;-1.114;1.153;2.832;4;-1.228;0.824;2.812;5;-1.299;0.612;2.809;6;-1.350;0.525;2.657;7;-1.363;0.498;2.582;8;-0.932;0.844;2.891;9;-0.880;0.665;2.874;10;-0.952;0.595;2.682;10;-0.952;0.595;2.682;12;-1.140;0.478;2.793;13;-1.154;0.191;2.729;14;-1.167;-0.024;2.691;15;-1.155;-0.070;2.621;16;-1.008;0.475;2.820;17;-1.007;0.160;2.840;18;-1.049;-0.077;2.843;19;-1.004;-0.107;2.752
Frame62;1.459;0;-1.074;0.545;2.817;1;-1.085;0.606;2.866;2;-1.074;0.947;2.859;3;-1.114;1.153;2.832;4;-1.228;0.824;2.812;5;-1.299;0.612;2.809;6;-1.350;0.525;2.657;7;-1.363;0.498;2.582;8;-0.932;0.844;2.891;9;-0.880;0.665;2.874;10;-0.952;0.595;2.682;10;-0.952;0.595;2.682;12;-1.140;0.478;2.793;13;-1.154;0.191;2.729;14;-1.167;-0.024;2.691;15;-1.155;-0.070;2.621;16;-1.008;0.475;2.820;17;-1.007;0.160;2.840;18;-1.049;-0.077;2.843;19;-1.004;-0.107;2.752
Frame63;1.475;0;-1.078;0.547;2.800;1;-1.091;0.608;2.848;2;-1.084;0.950;2.830;3;-1.120;1.152;2.822;4;-1.235;0.824;2.798;5;-1.300;0.612;2.798;6;-1.346;0.523;2.649;7;-1.359;0.490;2.576;8;-0.938;0.848;2.877;9;-0.884;0.663;2.855;10;-0.955;0.591;2.654;10;-0.955;0.591;2.654;12;-1.145;0.479;2.778;13;-1.155;0.191;2.718;14;-1.167;-0.023;2.689;15;-1.155;-0.070;2.621;16;-1.011;0.478;2.805;17;-1.010;0.163;2.824;18;-1.048;-0.076;2.836;19;-1.012;-0.105;2.733
Frame64;1.492;0;-1.078;0.547;2.800;1;-1.091;0.608;2.848;2;-1.084;0.950;2.830;3;-1.120;1.152;2.822;4;-1.235;0.824;2.798;5;-1.300;0.612;2.798;6;-1.346;0.523;2.649;7;-1.359;0.490;2.576;8;-0.938;0.848;2.877;9;-0.884;0.663;2.855;10;-0.955;0.591;2.654;10;-0.955;0.591;2.654;12;-1.145;0.479;2.778;13;-1.155;0.191;2.718;14;-1.167;-0.023;2.689;15;-1.155;-0.070;2.621;16;-1.011;0.478;2.805;17;-1.010;0.163;2.824;18;-1.048;-0.076;2.836;19;-1.012;-0.105;2.733
Frame65;1.509;0;-1.085;0.551;2.780;1;-1.097;0.612;2.826;2;-1.093;0.952;2.807;3;-1.138;1.151;2.794;4;-1.242;0.824;2.786;5;-1.299;0.612;2.779;6;-1.345;0.519;2.638;7;-1.359;0.481;2.566;8;-0.951;0.859;2.853;9;-0.887;0.665;2.841;10;-0.956;0.590;2.642;10;-0.956;0.590;2.642;12;-1.151;0.482;2.760;13;-1.157;0.191;2.704;14;-1.169;-0.022;2.685;15;-1.176;-0.069;2.619;16;-1.016;0.483;2.785;17;-1.013;0.164;2.808;18;-1.045;-0.075;2.825;19;-1.012;-0.105;2.733
Frame66;1.526;0;-1.085;0.551;2.780;1;-1.097;0.612;2.826;2;-1.093;0.952;2.807;3;-1.138;1.151;2.794;4;-1.242;0.824;2.786;5;-1.299;0.612;2.779;6;-1.345;0.519;2.638;7;-1.359;0.481;2.566;8;-0.951;0.859;2.853;9;-0.887;0.665;2.841;10;-0.956;0.590;2.642;10;-0.956;0.590;2.642;12;-1.151;0.482;2.760;13;-1.157;0.191;2.704;14;-1.169;-0.022;2.685;15;-1.176;-0.069;2.619;16;-1.016;0.483;2.785;17;-1.013;0.164;2.808;18;-1.045;-0.075;2.825;19;-1.012;-0.105;2.733
Frame67;1.546;0;-1.089;0.554;2.767;1;-1.100;0.615;2.813;2;-1.099;0.953;2.794;3;-1.146;1.150;2.783;4;-1.255;0.823;2.769;5;-1.300;0.613;2.764;6;-1.344;0.516;2.624;7;-1.358;0.473;2.556;8;-0.958;0.864;2.840;9;-0.890;0.667;2.828;10;-0.958;0.590;2.632;10;-0.958;0.590;2.632;12;-1.155;0.484;2.746;13;-1.159;0.191;2.692;14;-1.171;-0.021;2.680;15;-1.176;-0.069;2.619;16;-1.019;0.487;2.773;17;-1.015;0.164;2.797;18;-1.043;-0.075;2.815;19;-1.012;-0.105;2.733
Frame68;1.563;0;-1.089;0.554;2.767;1;-1.100;0.615;2.813;2;-1.099;0.953;2.794;3;-1.146;1.150;2.783;4;-1.255;0.823;2.769;5;-1.300;0.613;2.764;6;-1.344;0.516;2.624;7;-1.358;0.473;2.556;8;-0.958;0.864;2.840;9;-0.890;0.667;2.828;10;-0.958;0.590;2.632;10;-0.958;0.590;2.632;12;-1.155;0.484;2.746;13;-1.159;0.191;2.692;14;-1.171;-0.021;2.680;15;-1.176;-0.069;2.619;16;-1.019;0.487;2.773;17;-1.015;0.164;2.797;18;-1.043;-0.075;2.815;19;-1.012;-0.105;2.733
Frame69;1.580;0;-1.092;0.557;2.755;1;-1.104;0.618;2.800;2;-1.104;0.953;2.782;3;-1.151;1.150;2.774;4;-1.262;0.823;2.758;5;-1.301;0.614;2.754;6;-1.342;0.513;2.615;7;-1.357;0.468;2.548;8;-0.963;0.868;2.829;9;-0.894;0.672;2.813;10;-0.961;0.591;2.624;10;-0.961;0.591;2.624;12;-1.159;0.486;2.735;13;-1.161;0.191;2.681;14;-1.176;-0.021;2.670;15;-1.176;-0.069;2.619;16;-1.021;0.491;2.760;17;-1.016;0.164;2.787;18;-1.042;-0.072;2.788;19;-1.012;-0.105;2.733
Frame70;1.597;0;-1.092;0.557;2.755;1;-1.104;0.618;2.800;2;-1.104;0.953;2.782;3;-1.151;1.150;2.774;4;-1.262;0.823;2.758;5;-1.301;0.614;2.754;6;-1.342;0.513;2.615;7;-1.357;0.468;2.548;8;-0.963;0.868;2.829;9;-0.894;0.672;2.813;10;-0.961;0.591;2.624;10;-0.961;0.591;2.624;12;-1.159;0.486;2.735;13;-1.161;0.191;2.681;14;-1.176;-0.021;2.670;15;-1.176;-0.069;2.619;16;-1.021;0.491;2.760;17;-1.016;0.164;2.787;18;-1.042;-0.072;2.788;19;-1.012;-0.105;2.733
Frame71;1.614;0;-1.095;0.558;2.745;1;-1.107;0.619;2.790;2;-1.108;0.952;2.773;3;-1.158;1.151;2.763;4;-1.268;0.823;2.741;5;-1.302;0.617;2.743;6;-1.342;0.511;2.608;7;-1.351;0.479;2.558;8;-0.968;0.870;2.817;9;-0.899;0.676;2.801;10;-0.964;0.592;2.616;10;-0.964;0.592;2.616;12;-1.161;0.487;2.726;13;-1.164;0.190;2.671;14;-1.182;-0.021;2.658;15;-1.176;-0.069;2.619;16;-1.023;0.492;2.751;17;-1.017;0.164;2.770;18;-1.040;-0.070;2.765;19;-1.012;-0.105;2.733
Frame72;1.631;0;-1.095;0.558;2.745;1;-1.107;0.619;2.790;2;-1.108;0.952;2.773;3;-1.158;1.151;2.763;4;-1.268;0.823;2.741;5;-1.302;0.617;2.743;6;-1.342;0.511;2.608;7;-1.351;0.479;2.558;8;-0.968;0.870;2.817;9;-0.899;0.676;2.801;10;-0.964;0.592;2.616;10;-0.964;0.592;2.616;12;-1.161;0.487;2.726;13;-1.164;0.190;2.671;14;-1.182;-0.021;2.658;15;-1.176;-0.069;2.619;16;-1.023;0.492;2.751;17;-1.017;0.164;2.770;18;-1.040;-0.070;2.765;19;-1.012;-0.105;2.733
Frame73;1.648;0;-1.097;0.559;2.736;1;-1.110;0.619;2.781;2;-1.116;0.950;2.761;3;-1.164;1.151;2.754;4;-1.272;0.824;2.730;5;-1.305;0.621;2.717;6;-1.343;0.501;2.598;7;-1.347;0.486;2.564;8;-0.973;0.869;2.803;9;-0.914;0.663;2.764;10;-0.972;0.593;2.600;10;-0.972;0.593;2.600;12;-1.163;0.487;2.718;13;-1.168;0.189;2.658;14;-1.187;-0.020;2.648;15;-1.185;-0.066;2.586;16;-1.025;0.493;2.741;17;-1.017;0.163;2.752;18;-1.031;-0.060;2.726;19;-1.012;-0.105;2.733
Frame74;1.665;0;-1.097;0.559;2.736;1;-1.110;0.619;2.781;2;-1.116;0.950;2.761;3;-1.164;1.151;2.754;4;-1.272;0.824;2.730;5;-1.305;0.621;2.717;6;-1.343;0.501;2.598;7;-1.347;0.486;2.564;8;-0.973;0.869;2.803;9;-0.914;0.663;2.764;10;-0.972;0.593;2.600;10;-0.972;0.593;2.600;12;-1.163;0.487;2.718;13;-1.168;0.189;2.658;14;-1.187;-0.020;2.648;15;-1.185;-0.066;2.586;16;-1.025;0.493;2.741;17;-1.017;0.163;2.752;18;-1.031;-0.060;2.726;19;-1.012;-0.105;2.733
Frame75;1.682;0;-1.100;0.559;2.727;1;-1.112;0.619;2.772;2;-1.123;0.949;2.752;3;-1.171;1.151;2.742;4;-1.275;0.823;2.721;5;-1.306;0.622;2.705;6;-1.345;0.495;2.590;7;-1.354;0.466;2.560;8;-0.977;0.871;2.789;9;-0.920;0.660;2.750;10;-0.981;0.597;2.588;10;-0.981;0.597;2.588;12;-1.165;0.487;2.710;13;-1.171;0.189;2.649;14;-1.187;-0.020;2.648;15;-1.185;-0.066;2.586;16;-1.027;0.494;2.732;17;-1.016;0.163;2.734;18;-1.020;-0.046;2.692;19;-1.012;-0.105;2.733
Frame76;1.699;0;-1.100;0.559;2.727;1;-1.112;0.619;2.772;2;-1.123;0.949;2.752;3;-1.171;1.151;2.742;4;-1.275;0.823;2.721;5;-1.306;0.622;2.705;6;-1.345;0.495;2.590;7;-1.354;0.466;2.560;8;-0.977;0.871;2.789;9;-0.920;0.660;2.750;10;-0.981;0.597;2.588;10;-0.981;0.597;2.588;12;-1.165;0.487;2.710;13;-1.171;0.189;2.649;14;-1.187;-0.020;2.648;15;-1.185;-0.066;2.586;16;-1.027;0.494;2.732;17;-1.016;0.163;2.734;18;-1.020;-0.046;2.692;19;-1.012;-0.105;2.733
Frame77;1.795;0;-1.107;0.558;2.704;1;-1.120;0.619;2.745;2;-1.136;0.950;2.722;3;-1.191;1.147;2.709;4;-1.282;0.821;2.706;5;-1.308;0.620;2.684;6;-1.345;0.488;2.565;7;-1.355;0.452;2.529;8;-0.989;0.872;2.759;9;-0.929;0.661;2.725;10;-1.016;0.609;2.534;10;-1.016;0.609;2.534;12;-1.171;0.485;2.691;13;-1.175;0.186;2.626;14;-1.187;-0.020;2.648;15;-1.185;-0.066;2.586;16;-1.034;0.495;2.704;17;-1.009;0.167;2.682;18;-1.010;-0.031;2.637;19;-1.012;-0.105;2.733
Frame78;1.876;0;-1.099;0.561;2.641;1;-1.112;0.622;2.681;2;-1.135;0.951;2.661;3;-1.191;1.145;2.635;4;-1.272;0.818;2.639;5;-1.294;0.600;2.607;6;-1.346;0.489;2.472;7;-1.363;0.455;2.432;8;-0.989;0.879;2.696;9;-0.928;0.675;2.669;10;-1.034;0.616;2.463;10;-1.034;0.616;2.463;12;-1.160;0.490;2.627;13;-1.165;0.149;2.553;14;-1.187;-0.020;2.648;15;-1.185;-0.066;2.586;16;-1.026;0.501;2.643;17;-0.988;0.180;2.597;18;-1.010;-0.031;2.637;19;-1.012;-0.105;2.733
Frame79;1.893;0;-1.099;0.561;2.641;1;-1.112;0.622;2.681;2;-1.135;0.951;2.661;3;-1.191;1.145;2.635;4;-1.272;0.818;2.639;5;-1.294;0.600;2.607;6;-1.346;0.489;2.472;7;-1.363;0.455;2.432;8;-0.989;0.879;2.696;9;-0.928;0.675;2.669;10;-1.034;0.616;2.463;10;-1.034;0.616;2.463;12;-1.160;0.490;2.627;13;-1.165;0.149;2.553;14;-1.187;-0.020;2.648;15;-1.185;-0.066;2.586;16;-1.026;0.501;2.643;17;-0.988;0.180;2.597;18;-1.010;-0.031;2.637;19;-1.012;-0.105;2.733
Frame80;1.910;0;-1.093;0.563;2.608;1;-1.107;0.624;2.647;2;-1.132;0.951;2.630;3;-1.189;1.144;2.596;4;-1.265;0.817;2.600;5;-1.285;0.586;2.561;6;-1.346;0.491;2.415;7;-1.366;0.456;2.385;8;-0.988;0.882;2.659;9;-0.930;0.665;2.625;10;-1.040;0.618;2.430;10;-1.040;0.618;2.430;12;-1.153;0.492;2.592;13;-1.162;0.124;2.508;14;-1.187;-0.020;2.648;15;-1.185;-0.066;2.586;16;-1.020;0.504;2.613;17;-0.965;0.156;2.534;18;-1.010;-0.031;2.637;19;-1.012;-0.105;2.733
Frame81;1.927;0;-1.093;0.563;2.608;1;-1.107;0.624;2.647;2;-1.132;0.951;2.630;3;-1.189;1.144;2.596;4;-1.265;0.817;2.600;5;-1.285;0.586;2.561;6;-1.346;0.491;2.415;7;-1.366;0.456;2.385;8;-0.988;0.882;2.659;9;-0.930;0.665;2.625;10;-1.040;0.618;2.430;10;-1.040;0.618;2.430;12;-1.153;0.492;2.592;13;-1.162;0.124;2.508;14;-1.187;-0.020;2.648;15;-1.185;-0.066;2.586;16;-1.020;0.504;2.613;17;-0.965;0.156;2.534;18;-1.010;-0.031;2.637;19;-1.012;-0.105;2.733
Frame82;1.944;0;-1.091;0.563;2.594;1;-1.105;0.624;2.632;2;-1.132;0.952;2.615;3;-1.188;1.143;2.579;4;-1.263;0.817;2.584;5;-1.282;0.582;2.544;6;-1.346;0.491;2.395;7;-1.365;0.455;2.365;8;-0.987;0.883;2.644;9;-0.931;0.663;2.609;10;-1.044;0.619;2.414;10;-1.044;0.619;2.414;12;-1.151;0.493;2.578;13;-1.160;0.117;2.491;14;-1.187;-0.020;2.648;15;-1.185;-0.066;2.586;16;-1.019;0.505;2.599;17;-0.953;0.145;2.507;18;-1.010;-0.031;2.637;19;-1.012;-0.105;2.733
Frame83;1.961;0;-1.091;0.563;2.594;1;-1.105;0.624;2.632;2;-1.132;0.952;2.615;3;-1.188;1.143;2.579;4;-1.263;0.817;2.584;5;-1.282;0.582;2.544;6;-1.346;0.491;2.395;7;-1.365;0.455;2.365;8;-0.987;0.883;2.644;9;-0.931;0.663;2.609;10;-1.044;0.619;2.414;10;-1.044;0.619;2.414;12;-1.151;0.493;2.578;13;-1.160;0.117;2.491;14;-1.187;-0.020;2.648;15;-1.185;-0.066;2.586;16;-1.019;0.505;2.599;17;-0.953;0.145;2.507;18;-1.010;-0.031;2.637;19;-1.012;-0.105;2.733
Frame84;1.978;0;-1.090;0.564;2.585;1;-1.103;0.625;2.622;2;-1.131;0.952;2.605;3;-1.187;1.143;2.568;4;-1.261;0.816;2.575;5;-1.278;0.598;2.550;6;-1.332;0.488;2.427;7;-1.341;0.449;2.385;8;-0.987;0.884;2.633;9;-0.931;0.661;2.599;10;-1.049;0.613;2.404;10;-1.049;0.613;2.404;12;-1.149;0.494;2.568;13;-1.160;0.113;2.481;14;-1.187;-0.020;2.648;15;-1.185;-0.066;2.586;16;-1.017;0.506;2.589;17;-0.934;0.140;2.489;18;-1.010;-0.031;2.637;19;-1.012;-0.105;2.733
Frame85;1.994;0;-1.090;0.564;2.585;1;-1.103;0.625;2.622;2;-1.131;0.952;2.605;3;-1.187;1.143;2.568;4;-1.261;0.816;2.575;5;-1.278;0.598;2.550;6;-1.332;0.488;2.427;7;-1.341;0.449;2.385;8;-0.987;0.884;2.633;9;-0.931;0.661;2.599;10;-1.049;0.613;2.404;10;-1.049;0.613;2.404;12;-1.149;0.494;2.568;13;-1.160;0.113;2.481;14;-1.187;-0.020;2.648;15;-1.185;-0.066;2.586;16;-1.017;0.506;2.589;17;-0.934;0.140;2.489;18;-1.010;-0.031;2.637;19;-1.012;-0.105;2.733
Frame86;2.011;0;-1.088;0.564;2.578;1;-1.101;0.625;2.615;2;-1.128;0.952;2.599;3;-1.184;1.143;2.563;4;-1.259;0.817;2.571;5;-1.276;0.599;2.542;6;-1.330;0.483;2.422;7;-1.336;0.443;2.381;8;-0.985;0.884;2.626;9;-0.929;0.660;2.595;10;-1.039;0.607;2.401;10;-1.039;0.607;2.401;12;-1.147;0.494;2.562;13;-1.157;0.142;2.483;14;-1.187;-0.020;2.648;15;-1.185;-0.066;2.586;16;-1.015;0.506;2.582;17;-0.929;0.139;2.482;18;-1.010;-0.031;2.637;19;-1.012;-0.105;2.733
Frame87;2.028;0;-1.088;0.564;2.578;1;-1.101;0.625;2.615;2;-1.128;0.952;2.599;3;-1.184;1.143;2.563;4;-1.259;0.817;2.571;5;-1.276;0.599;2.542;6;-1.330;0.483;2.422;7;-1.336;0.443;2.381;8;-0.985;0.884;2.626;9;-0.929;0.660;2.595;10;-1.039;0.607;2.401;10;-1.039;0.607;2.401;12;-1.147;0.494;2.562;13;-1.157;0.142;2.483;14;-1.187;-0.020;2.648;15;-1.185;-0.066;2.586;16;-1.015;0.506;2.582;17;-0.929;0.139;2.482;18;-1.010;-0.031;2.637;19;-1.012;-0.105;2.733
Frame88;2.045;0;-1.086;0.564;2.574;1;-1.098;0.625;2.611;2;-1.124;0.953;2.594;3;-1.178;1.142;2.562;4;-1.257;0.818;2.570;5;-1.274;0.620;2.562;6;-1.319;0.488;2.449;7;-1.322;0.447;2.404;8;-0.980;0.882;2.622;9;-0.925;0.660;2.593;10;-1.031;0.604;2.402;10;-1.031;0.604;2.402;12;-1.145;0.494;2.558;13;-1.156;0.160;2.486;14;-1.187;-0.020;2.648;15;-1.185;-0.066;2.586;16;-1.013;0.507;2.578;17;-0.919;0.152;2.483;18;-1.010;-0.031;2.637;19;-1.012;-0.105;2.733
Frame89;2.061;0;-1.086;0.564;2.574;1;-1.098;0.625;2.611;2;-1.124;0.953;2.594;3;-1.178;1.142;2.562;4;-1.257;0.818;2.570;5;-1.274;0.620;2.562;6;-1.319;0.488;2.449;7;-1.322;0.447;2.404;8;-0.980;0.882;2.622;9;-0.925;0.660;2.593;10;-1.031;0.604;2.402;10;-1.031;0.604;2.402;12;-1.145;0.494;2.558;13;-1.156;0.160;2.486;14;-1.187;-0.020;2.648;15;-1.185;-0.066;2.586;16;-1.013;0.507;2.578;17;-0.919;0.152;2.483;18;-1.010;-0.031;2.637;19;-1.012;-0.105;2.733
Frame90;2.078;0;-1.083;0.565;2.570;1;-1.094;0.626;2.607;2;-1.118;0.953;2.591;3;-1.172;1.142;2.561;4;-1.254;0.819;2.571;5;-1.274;0.619;2.566;6;-1.317;0.489;2.451;7;-1.319;0.447;2.405;8;-0.972;0.878;2.617;9;-0.921;0.659;2.592;10;-1.021;0.601;2.403;10;-1.021;0.601;2.403;12;-1.143;0.494;2.556;13;-1.155;0.172;2.489;14;-1.187;-0.020;2.648;15;-1.185;-0.066;2.586;16;-1.011;0.507;2.573;17;-0.916;0.157;2.483;18;-1.010;-0.031;2.637;19;-1.012;-0.105;2.733
Frame91;2.095;0;-1.083;0.565;2.570;1;-1.094;0.626;2.607;2;-1.118;0.953;2.591;3;-1.172;1.142;2.561;4;-1.254;0.819;2.571;5;-1.274;0.619;2.566;6;-1.317;0.489;2.451;7;-1.319;0.447;2.405;8;-0.972;0.878;2.617;9;-0.921;0.659;2.592;10;-1.021;0.601;2.403;10;-1.021;0.601;2.403;12;-1.143;0.494;2.556;13;-1.155;0.172;2.489;14;-1.187;-0.020;2.648;15;-1.185;-0.066;2.586;16;-1.011;0.507;2.573;17;-0.916;0.157;2.483;18;-1.010;-0.031;2.637;19;-1.012;-0.105;2.733
Frame92;2.112;0;-1.081;0.564;2.567;1;-1.090;0.626;2.603;2;-1.108;0.954;2.586;3;-1.165;1.143;2.559;4;-1.251;0.821;2.572;5;-1.273;0.619;2.568;6;-1.316;0.489;2.452;7;-1.317;0.447;2.406;8;-0.963;0.875;2.612;9;-0.915;0.658;2.588;10;-1.013;0.600;2.404;10;-1.013;0.600;2.404;12;-1.142;0.494;2.554;13;-1.155;0.177;2.490;14;-1.187;-0.020;2.648;15;-1.185;-0.066;2.586;16;-1.007;0.506;2.569;17;-0.914;0.158;2.481;18;-1.010;-0.031;2.637;19;-1.012;-0.105;2.733
Frame93;2.128;0;-1.081;0.564;2.567;1;-1.090;0.626;2.603;2;-1.108;0.954;2.586;3;-1.165;1.143;2.559;4;-1.251;0.821;2.572;5;-1.273;0.619;2.568;6;-1.316;0.489;2.452;7;-1.317;0.447;2.406;8;-0.963;0.875;2.612;9;-0.915;0.658;2.588;10;-1.013;0.600;2.404;10;-1.013;0.600;2.404;12;-1.142;0.494;2.554;13;-1.155;0.177;2.490;14;-1.187;-0.020;2.648;15;-1.185;-0.066;2.586;16;-1.007;0.506;2.569;17;-0.914;0.158;2.481;18;-1.010;-0.031;2.637;19;-1.012;-0.105;2.733
Frame94;2.145;0;-1.077;0.564;2.564;1;-1.084;0.626;2.599;2;-1.094;0.958;2.579;3;-1.153;1.144;2.555;4;-1.247;0.822;2.571;5;-1.272;0.619;2.569;6;-1.315;0.488;2.454;7;-1.317;0.446;2.407;8;-0.953;0.872;2.606;9;-0.905;0.657;2.584;10;-1.007;0.598;2.402;10;-1.007;0.598;2.402;12;-1.140;0.494;2.552;13;-1.149;0.161;2.485;14;-1.187;-0.020;2.648;15;-1.185;-0.066;2.586;16;-1.004;0.505;2.564;17;-0.913;0.159;2.481;18;-1.010;-0.031;2.637;19;-1.012;-0.105;2.733
Frame95;2.162;0;-1.077;0.564;2.564;1;-1.084;0.626;2.599;2;-1.094;0.958;2.579;3;-1.153;1.144;2.555;4;-1.247;0.822;2.571;5;-1.272;0.619;2.569;6;-1.315;0.488;2.454;7;-1.317;0.446;2.407;8;-0.953;0.872;2.606;9;-0.905;0.657;2.584;10;-1.007;0.598;2.402;10;-1.007;0.598;2.402;12;-1.140;0.494;2.552;13;-1.149;0.161;2.485;14;-1.187;-0.020;2.648;15;-1.185;-0.066;2.586;16;-1.004;0.505;2.564;17;-0.913;0.159;2.481;18;-1.010;-0.031;2.637;19;-1.012;-0.105;2.733
Frame96;2.178;0;-1.072;0.562;2.558;1;-1.076;0.625;2.592;2;-1.083;0.959;2.572;3;-1.142;1.145;2.551;4;-1.240;0.824;2.571;5;-1.271;0.619;2.570;6;-1.315;0.488;2.454;7;-1.317;0.447;2.407;8;-0.940;0.868;2.594;9;-0.895;0.656;2.581;10;-1.000;0.596;2.398;10;-1.000;0.596;2.398;12;-1.138;0.493;2.549;13;-1.146;0.153;2.483;14;-1.187;-0.020;2.648;15;-1.185;-0.066;2.586;16;-0.997;0.501;2.554;17;-0.911;0.160;2.479;18;-1.010;-0.031;2.637;19;-1.012;-0.105;2.733
Frame97;2.195;0;-1.072;0.562;2.558;1;-1.076;0.625;2.592;2;-1.083;0.959;2.572;3;-1.142;1.145;2.551;4;-1.240;0.824;2.571;5;-1.271;0.619;2.570;6;-1.315;0.488;2.454;7;-1.317;0.447;2.407;8;-0.940;0.868;2.594;9;-0.895;0.656;2.581;10;-1.000;0.596;2.398;10;-1.000;0.596;2.398;12;-1.138;0.493;2.549;13;-1.146;0.153;2.483;14;-1.187;-0.020;2.648;15;-1.185;-0.066;2.586;16;-0.997;0.501;2.554;17;-0.911;0.160;2.479;18;-1.010;-0.031;2.637;19;-1.012;-0.105;2.733
Frame98;2.212;0;-1.062;0.560;2.548;1;-1.065;0.623;2.582;2;-1.070;0.959;2.564;3;-1.127;1.146;2.544;4;-1.218;0.829;2.561;5;-1.267;0.616;2.569;6;-1.316;0.488;2.451;7;-1.321;0.448;2.404;8;-0.927;0.865;2.580;9;-0.878;0.653;2.571;10;-0.993;0.594;2.392;10;-0.993;0.594;2.392;12;-1.129;0.491;2.543;13;-1.144;0.147;2.480;14;-1.187;-0.020;2.648;15;-1.185;-0.066;2.586;16;-0.990;0.498;2.543;17;-0.910;0.160;2.478;18;-1.010;-0.031;2.637;19;-1.012;-0.105;2.733
Frame99;2.229;0;-1.062;0.560;2.548;1;-1.065;0.623;2.582;2;-1.070;0.959;2.564;3;-1.127;1.146;2.544;4;-1.218;0.829;2.561;5;-1.267;0.616;2.569;6;-1.316;0.488;2.451;7;-1.321;0.448;2.404;8;-0.927;0.865;2.580;9;-0.878;0.653;2.571;10;-0.993;0.594;2.392;10;-0.993;0.594;2.392;12;-1.129;0.491;2.543;13;-1.144;0.147;2.480;14;-1.187;-0.020;2.648;15;-1.185;-0.066;2.586;16;-0.990;0.498;2.543;17;-0.910;0.160;2.478;18;-1.010;-0.031;2.637;19;-1.012;-0.105;2.733
Frame100;2.246;0;-1.051;0.557;2.538;1;-1.053;0.621;2.571;2;-1.055;0.958;2.554;3;-1.103;1.148;2.531;4;-1.206;0.832;2.556;5;-1.261;0.612;2.566;6;-1.316;0.488;2.445;7;-1.323;0.448;2.401;8;-0.913;0.862;2.568;9;-0.862;0.650;2.559;10;-0.986;0.592;2.377;10;-0.986;0.592;2.377;12;-1.118;0.489;2.535;13;-1.137;0.145;2.477;14;-1.187;-0.020;2.648;15;-1.185;-0.066;2.586;16;-0.982;0.495;2.532;17;-0.909;0.161;2.476;18;-1.010;-0.031;2.637;19;-1.012;-0.105;2.733
Frame101;2.263;0;-1.051;0.557;2.538;1;-1.053;0.621;2.571;2;-1.055;0.958;2.554;3;-1.103;1.148;2.531;4;-1.206;0.832;2.556;5;-1.261;0.612;2.566;6;-1.316;0.488;2.445;7;-1.323;0.448;2.401;8;-0.913;0.862;2.568;9;-0.862;0.650;2.559;10;-0.986;0.592;2.377;10;-0.986;0.592;2.377;12;-1.118;0.489;2.535;13;-1.137;0.145;2.477;14;-1.187;-0.020;2.648;15;-1.185;-0.066;2.586;16;-0.982;0.495;2.532;17;-0.909;0.161;2.476;18;-1.010;-0.031;2.637;19;-1.012;-0.105;2.733
Frame102;2.279;0;-1.040;0.555;2.526;1;-1.040;0.619;2.559;2;-1.039;0.956;2.542;3;-1.090;1.149;2.523;4;-1.193;0.833;2.549;5;-1.253;0.609;2.561;6;-1.314;0.489;2.439;7;-1.323;0.448;2.398;8;-0.897;0.856;2.551;9;-0.838;0.658;2.547;10;-0.977;0.589;2.367;10;-0.977;0.589;2.367;12;-1.109;0.487;2.526;13;-1.132;0.142;2.474;14;-1.187;-0.020;2.648;15;-1.185;-0.066;2.586;16;-0.971;0.492;2.517;17;-0.907;0.163;2.472;18;-1.010;-0.031;2.637;19;-1.012;-0.105;2.733
Frame103;2.296;0;-1.040;0.555;2.526;1;-1.040;0.619;2.559;2;-1.039;0.956;2.542;3;-1.090;1.149;2.523;4;-1.193;0.833;2.549;5;-1.253;0.609;2.561;6;-1.314;0.489;2.439;7;-1.323;0.448;2.398;8;-0.897;0.856;2.551;9;-0.838;0.658;2.547;10;-0.977;0.589;2.367;10;-0.977;0.589;2.367;12;-1.109;0.487;2.526;13;-1.132;0.142;2.474;14;-1.187;-0.020;2.648;15;-1.185;-0.066;2.586;16;-0.971;0.492;2.517;17;-0.907;0.163;2.472;18;-1.010;-0.031;2.637;19;-1.012;-0.105;2.733
Frame104;2.313;0;-1.018;0.557;2.504;1;-1.017;0.620;2.539;2;-1.014;0.955;2.526;3;-1.064;1.152;2.516;4;-1.180;0.834;2.540;5;-1.240;0.610;2.556;6;-1.306;0.492;2.432;7;-1.318;0.452;2.394;8;-0.878;0.853;2.539;9;-0.819;0.658;2.531;10;-0.968;0.588;2.348;10;-0.968;0.588;2.348;12;-1.087;0.489;2.504;13;-1.119;0.143;2.467;14;-1.187;-0.020;2.648;15;-1.185;-0.066;2.586;16;-0.951;0.491;2.494;17;-0.903;0.165;2.465;18;-1.010;-0.031;2.637;19;-1.012;-0.105;2.733
Frame105;2.330;0;-1.018;0.557;2.504;1;-1.017;0.620;2.539;2;-1.014;0.955;2.526;3;-1.064;1.152;2.516;4;-1.180;0.834;2.540;5;-1.240;0.610;2.556;6;-1.306;0.492;2.432;7;-1.318;0.452;2.394;8;-0.878;0.853;2.539;9;-0.819;0.658;2.531;10;-0.968;0.588;2.348;10;-0.968;0.588;2.348;12;-1.087;0.489;2.504;13;-1.119;0.143;2.467;14;-1.187;-0.020;2.648;15;-1.185;-0.066;2.586;16;-0.951;0.491;2.494;17;-0.903;0.165;2.465;18;-1.010;-0.031;2.637;19;-1.012;-0.105;2.733
Frame106;2.347;0;-1.003;0.557;2.490;1;-1.000;0.620;2.525;2;-0.991;0.955;2.511;3;-1.048;1.152;2.509;4;-1.170;0.835;2.532;5;-1.224;0.608;2.546;6;-1.291;0.497;2.413;7;-1.307;0.457;2.379;8;-0.851;0.843;2.521;9;-0.804;0.658;2.516;10;-0.958;0.587;2.331;10;-0.958;0.587;2.331;12;-1.073;0.488;2.489;13;-1.108;0.144;2.457;14;-1.187;-0.020;2.648;15;-1.185;-0.066;2.586;16;-0.936;0.489;2.480;17;-0.894;0.166;2.447;18;-1.010;-0.031;2.637;19;-1.012;-0.105;2.733
Frame107;2.363;0;-1.003;0.557;2.490;1;-1.000;0.620;2.525;2;-0.991;0.955;2.511;3;-1.048;1.152;2.509;4;-1.170;0.835;2.532;5;-1.224;0.608;2.546;6;-1.291;0.497;2.413;7;-1.307;0.457;2.379;8;-0.851;0.843;2.521;9;-0.804;0.658;2.516;10;-0.958;0.587;2.331;10;-0.958;0.587;2.331;12;-1.073;0.488;2.489;13;-1.108;0.144;2.457;14;-1.187;-0.020;2.648;15;-1.185;-0.066;2.586;16;-0.936;0.489;2.480;17;-0.894;0.166;2.447;18;-1.010;-0.031;2.637;19;-1.012;-0.105;2.733
Frame108;2.380;0;-0.985;0.558;2.475;1;-0.983;0.620;2.511;2;-0.976;0.954;2.501;3;-1.019;1.156;2.502;4;-1.158;0.835;2.522;5;-1.200;0.613;2.533;6;-1.276;0.499;2.406;7;-1.299;0.459;2.373;8;-0.837;0.840;2.511;9;-0.781;0.660;2.491;10;-0.947;0.584;2.317;10;-0.947;0.584;2.317;12;-1.055;0.488;2.471;13;-1.091;0.147;2.442;14;-1.187;-0.020;2.648;15;-1.185;-0.066;2.586;16;-0.916;0.488;2.464;17;-0.882;0.164;2.430;18;-1.010;-0.031;2.637;19;-1.012;-0.105;2.733
Frame109;2.397;0;-0.985;0.558;2.475;1;-0.983;0.620;2.511;2;-0.976;0.954;2.501;3;-1.019;1.156;2.502;4;-1.158;0.835;2.522;5;-1.200;0.613;2.533;6;-1.276;0.499;2.406;7;-1.299;0.459;2.373;8;-0.837;0.840;2.511;9;-0.781;0.660;2.491;10;-0.947;0.584;2.317;10;-0.947;0.584;2.317;12;-1.055;0.488;2.471;13;-1.091;0.147;2.442;14;-1.187;-0.020;2.648;15;-1.185;-0.066;2.586;16;-0.916;0.488;2.464;17;-0.882;0.164;2.430;18;-1.010;-0.031;2.637;19;-1.012;-0.105;2.733
Frame110;2.414;0;-0.959;0.556;2.456;1;-0.960;0.619;2.496;2;-0.961;0.954;2.492;3;-0.991;1.159;2.496;4;-1.127;0.839;2.498;5;-1.184;0.616;2.522;6;-1.248;0.499;2.393;7;-1.270;0.458;2.358;8;-0.820;0.839;2.499;9;-0.767;0.659;2.475;10;-0.940;0.581;2.309;10;-0.940;0.581;2.309;12;-1.025;0.487;2.448;13;-1.071;0.159;2.418;14;-1.187;-0.020;2.648;15;-1.185;-0.066;2.586;16;-0.891;0.486;2.446;17;-0.868;0.159;2.417;18;-1.010;-0.031;2.637;19;-1.012;-0.105;2.733
Frame111;2.431;0;-0.959;0.556;2.456;1;-0.960;0.619;2.496;2;-0.961;0.954;2.492;3;-0.991;1.159;2.496;4;-1.127;0.839;2.498;5;-1.184;0.616;2.522;6;-1.248;0.499;2.393;7;-1.270;0.458;2.358;8;-0.820;0.839;2.499;9;-0.767;0.659;2.475;10;-0.940;0.581;2.309;10;-0.940;0.581;2.309;12;-1.025;0.487;2.448;13;-1.071;0.159;2.418;14;-1.187;-0.020;2.648;15;-1.185;-0.066;2.586;16;-0.891;0.486;2.446;17;-0.868;0.159;2.417;18;-1.010;-0.031;2.637;19;-1.012;-0.105;2.733
Frame112;2.448;0;-0.941;0.556;2.443;1;-0.943;0.619;2.484;2;-0.945;0.956;2.483;3;-0.969;1.161;2.490;4;-1.104;0.843;2.481;5;-1.166;0.618;2.508;6;-1.224;0.497;2.381;7;-1.238;0.459;2.326;8;-0.799;0.840;2.485;9;-0.755;0.659;2.463;10;-0.899;0.588;2.283;10;-0.899;0.588;2.283;12;-1.009;0.488;2.435;13;-1.057;0.163;2.404;14;-1.187;-0.020;2.648;15;-1.185;-0.066;2.586;16;-0.871;0.485;2.431;17;-0.851;0.148;2.404;18;-1.010;-0.031;2.637;19;-1.012;-0.105;2.733
Frame113;2.464;0;-0.941;0.556;2.443;1;-0.943;0.619;2.484;2;-0.945;0.956;2.483;3;-0.969;1.161;2.490;4;-1.104;0.843;2.481;5;-1.166;0.618;2.508;6;-1.224;0.497;2.381;7;-1.238;0.459;2.326;8;-0.799;0.840;2.485;9;-0.755;0.659;2.463;10;-0.899;0.588;2.283;10;-0.899;0.588;2.283;12;-1.009;0.488;2.435;13;-1.057;0.163;2.404;14;-1.187;-0.020;2.648;15;-1.185;-0.066;2.586;16;-0.871;0.485;2.431;17;-0.851;0.148;2.404;18;-1.010;-0.031;2.637;19;-1.012;-0.105;2.733
Frame114;2.481;0;-0.921;0.557;2.428;1;-0.922;0.620;2.470;2;-0.922;0.960;2.470;3;-0.947;1.162;2.483;4;-1.086;0.846;2.468;5;-1.139;0.618;2.484;6;-1.192;0.493;2.357;7;-1.203;0.462;2.288;8;-0.778;0.841;2.471;9;-0.731;0.660;2.440;10;-0.877;0.590;2.264;10;-0.877;0.590;2.264;12;-0.989;0.490;2.417;13;-1.040;0.163;2.389;14;-1.187;-0.020;2.648;15;-1.185;-0.066;2.586;16;-0.853;0.485;2.418;17;-0.837;0.140;2.394;18;-1.010;-0.031;2.637;19;-1.012;-0.105;2.733
Frame115;2.498;0;-0.921;0.557;2.428;1;-0.922;0.620;2.470;2;-0.922;0.960;2.470;3;-0.947;1.162;2.483;4;-1.086;0.846;2.468;5;-1.139;0.618;2.484;6;-1.192;0.493;2.357;7;-1.203;0.462;2.288;8;-0.778;0.841;2.471;9;-0.731;0.660;2.440;10;-0.877;0.590;2.264;10;-0.877;0.590;2.264;12;-0.989;0.490;2.417;13;-1.040;0.163;2.389;14;-1.187;-0.020;2.648;15;-1.185;-0.066;2.586;16;-0.853;0.485;2.418;17;-0.837;0.140;2.394;18;-1.010;-0.031;2.637;19;-1.012;-0.105;2.733
Frame116;2.518;0;-0.902;0.557;2.414;1;-0.905;0.620;2.457;2;-0.903;0.963;2.458;3;-0.922;1.161;2.471;4;-1.050;0.847;2.441;5;-1.121;0.622;2.465;6;-1.166;0.493;2.340;7;-1.186;0.464;2.269;8;-0.750;0.842;2.457;9;-0.711;0.656;2.419;10;-0.844;0.596;2.237;10;-0.844;0.596;2.237;12;-0.967;0.492;2.398;13;-1.022;0.163;2.373;14;-1.187;-0.020;2.648;15;-1.185;-0.066;2.586;16;-0.836;0.485;2.407;17;-0.827;0.135;2.387;18;-1.010;-0.031;2.637;19;-1.012;-0.105;2.733
Frame117;2.538;0;-0.086;0.478;3.208;1;-0.071;0.531;3.263;2;-0.043;0.866;3.297;3;-0.071;1.083;3.293;4;-0.209;0.749;3.302;5;-0.263;0.580;3.270;6;-0.215;0.738;3.220;7;-0.223;0.785;3.236;8;0.083;0.759;3.251;9;0.111;0.562;3.188;10;0.017;0.682;3.079;10;0.017;0.682;3.079;12;-0.157;0.410;3.207;13;-0.180;0.039;3.185;14;-1.187;-0.020;2.648;15;-1.185;-0.066;2.586;16;-0.028;0.416;3.175;17;-0.011;0.085;3.049;18;-1.010;-0.031;2.637;19;-1.012;-0.105;2.733
Frame118;2.596;0;-0.018;0.474;3.251;1;-0.004;0.526;3.308;2;0.023;0.863;3.345;3;-0.003;1.078;3.341;4;-0.144;0.745;3.341;5;-0.194;0.576;3.310;6;-0.106;0.758;3.293;7;-0.118;0.813;3.307;8;0.150;0.754;3.294;9;0.177;0.555;3.225;10;0.109;0.680;3.108;10;0.109;0.680;3.108;12;-0.090;0.405;3.248;13;-0.113;0.032;3.222;14;-0.050;-0.252;3.253;15;-0.065;-0.281;3.180;16;0.041;0.411;3.220;17;0.055;0.076;3.091;18;0.089;-0.159;3.044;19;0.074;-0.188;2.971
