FrameNo;Time;HipCenter;HipCenterCoordinates.x;HipCenterCoordinates.y;HipCenterCoordinates.z;Spine;SpineCoordinates.x;SpineCoordinates.y;SpineCoordinates.z;ShoulderCenter;ShoulderLeftCoordinates.x;ShoulderLeftCoordinates.y;ShoulderLeftCoordinates.z;Head;HeadCoordinates.x;HeadCoordinates.y;HeadCoordinates.z;ShoulderLeft;ShoulderLeftCoordinates.x;ShoulderLeftCoordinates.y;ShoulderLeftCoordinates.z;ElbowLeft;ElbowLeftCoordinates.x;ElbowLeftCoordinates.y;ElbowLeftCoordinates.z;WristLeft;WristLeftCoordinates.x;WristLeftCoordinates.y;WristLeftCoordinates.z;HandLeft;HandLeftCoordinates.x;HandLeftCoordinates.y;HandLeftCoordinates.z;ShoulderRight;ShoulderRightCoordinates.x;ShoulderRightCoordinates.y;ShoulderRightCoordinates.z;ElbowRight;ElbowRightCoordinates.x;ShoulderRightCoordinates.y;ShoulderRightCoordinates.z;WristRight;WristRightCoordinates.x;WristRightCoordinates.y;WristRightCoordinates.z;HandRight;WristRightCoordinates.x;WristRightCoordinates.y;WristRightCoordinates.z;HipLeft;HipLeftCoordinates.x;HipLeftCoordinates.y;HipLeftCoordinates.z;KneeLeft;KneeLeftCoordinates.x;KneeLeftCoordinates.y;KneeLeftCoordinates.z;AnkleLeft;AnkleLeftCoordinates.x;AnkleLeftCoordinates.y;AnkleLeftCoordinates.z;FootLeft;FootLeftCoordinates.x;FootLeftCoordinates.y;FootLeftCoordinates.z;HipRight;HipRightCoordinates.x;HipRightCoordinates.y;HipRightCoordinates.z;KneeRight;KneeRightCoordinates.x;KneeRightCoordinates.y;KneeRightCoordinates.z;AnkleRight;AnkleRightCoordinates.x;AnkleRightCoordinates.y;AnkleRightCoordinates.z;FootRight;FootRightCoordinates.x;FootRightCoordinates.y;FootRightCoordinates.z
Frame1174;72.087;0;0.249;0.434;3.327;1;0.253;0.487;3.390;2;0.259;0.839;3.443;3;0.261;1.028;3.456;4;0.110;0.730;3.404;5;0.061;0.475;3.349;6;0.030;0.299;3.258;7;0.029;0.234;3.230;8;0.397;0.721;3.385;9;0.443;0.465;3.329;10;0.461;0.280;3.260;10;0.461;0.280;3.260;12;0.183;0.370;3.316;13;0.125;0.012;3.335;14;0.081;-0.262;3.356;15;0.066;-0.315;3.319;16;0.313;0.372;3.297;17;0.368;0.015;3.331;18;0.420;-0.266;3.350;19;0.416;-0.302;3.295
Frame1175;72.123;0;0.249;0.434;3.327;1;0.253;0.487;3.390;2;0.259;0.839;3.443;3;0.261;1.028;3.455;4;0.110;0.730;3.404;5;0.061;0.475;3.349;6;0.030;0.299;3.258;7;0.029;0.235;3.231;8;0.397;0.721;3.384;9;0.443;0.465;3.329;10;0.461;0.280;3.260;10;0.461;0.280;3.260;12;0.182;0.370;3.316;13;0.125;0.011;3.335;14;0.081;-0.262;3.357;15;0.065;-0.319;3.324;16;0.313;0.372;3.297;17;0.369;0.015;3.330;18;0.420;-0.266;3.350;19;0.417;-0.311;3.306
Frame1176;72.140;0;0.249;0.434;3.327;1;0.253;0.487;3.390;2;0.258;0.839;3.443;3;0.261;1.028;3.454;4;0.109;0.730;3.404;5;0.061;0.475;3.349;6;0.030;0.299;3.258;7;0.029;0.235;3.232;8;0.397;0.721;3.384;9;0.443;0.465;3.329;10;0.462;0.280;3.260;10;0.462;0.280;3.260;12;0.182;0.370;3.316;13;0.125;0.011;3.334;14;0.081;-0.262;3.357;15;0.064;-0.323;3.328;16;0.313;0.372;3.297;17;0.369;0.015;3.330;18;0.420;-0.266;3.350;19;0.419;-0.317;3.313
Frame1177;72.157;0;0.249;0.434;3.327;1;0.253;0.487;3.390;2;0.258;0.839;3.443;3;0.261;1.028;3.454;4;0.109;0.730;3.404;5;0.061;0.475;3.349;6;0.030;0.299;3.258;7;0.029;0.235;3.232;8;0.397;0.721;3.384;9;0.443;0.465;3.329;10;0.462;0.280;3.260;10;0.462;0.280;3.260;12;0.182;0.370;3.316;13;0.125;0.011;3.334;14;0.081;-0.262;3.357;15;0.064;-0.323;3.328;16;0.313;0.372;3.297;17;0.369;0.015;3.330;18;0.420;-0.266;3.350;19;0.419;-0.317;3.313
Frame1178;72.174;0;0.249;0.434;3.327;1;0.253;0.487;3.390;2;0.258;0.839;3.443;3;0.261;1.028;3.454;4;0.109;0.730;3.404;5;0.061;0.475;3.349;6;0.030;0.299;3.258;7;0.029;0.235;3.233;8;0.396;0.721;3.383;9;0.443;0.465;3.328;10;0.461;0.280;3.258;10;0.461;0.280;3.258;12;0.182;0.370;3.315;13;0.125;0.011;3.334;14;0.081;-0.262;3.357;15;0.063;-0.326;3.331;16;0.312;0.372;3.296;17;0.369;0.015;3.330;18;0.420;-0.266;3.349;19;0.420;-0.321;3.318
Frame1179;72.191;0;0.249;0.434;3.327;1;0.253;0.487;3.390;2;0.258;0.839;3.443;3;0.261;1.028;3.454;4;0.109;0.730;3.404;5;0.061;0.475;3.349;6;0.030;0.299;3.258;7;0.029;0.235;3.233;8;0.396;0.721;3.383;9;0.443;0.465;3.328;10;0.461;0.280;3.258;10;0.461;0.280;3.258;12;0.182;0.370;3.315;13;0.125;0.011;3.334;14;0.081;-0.262;3.357;15;0.063;-0.326;3.331;16;0.312;0.372;3.296;17;0.369;0.015;3.330;18;0.420;-0.266;3.349;19;0.420;-0.321;3.318
Frame1180;72.209;0;0.249;0.434;3.326;1;0.253;0.487;3.390;2;0.258;0.839;3.443;3;0.261;1.028;3.453;4;0.109;0.730;3.404;5;0.061;0.475;3.349;6;0.030;0.299;3.258;7;0.028;0.235;3.233;8;0.396;0.721;3.383;9;0.444;0.465;3.327;10;0.461;0.281;3.256;10;0.461;0.281;3.256;12;0.182;0.370;3.315;13;0.125;0.011;3.334;14;0.081;-0.261;3.357;15;0.062;-0.327;3.333;16;0.312;0.372;3.296;17;0.369;0.015;3.330;18;0.420;-0.266;3.349;19;0.420;-0.324;3.321
Frame1181;72.244;0;0.249;0.434;3.326;1;0.253;0.487;3.389;2;0.258;0.839;3.442;3;0.261;1.028;3.453;4;0.109;0.730;3.403;5;0.061;0.474;3.349;6;0.030;0.299;3.258;7;0.028;0.236;3.234;8;0.396;0.721;3.382;9;0.444;0.465;3.326;10;0.461;0.281;3.252;10;0.461;0.281;3.252;12;0.182;0.370;3.315;13;0.125;0.011;3.334;14;0.081;-0.261;3.357;15;0.062;-0.329;3.334;16;0.312;0.372;3.296;17;0.368;0.015;3.329;18;0.420;-0.266;3.349;19;0.421;-0.326;3.323
Frame1182;72.261;0;0.249;0.434;3.326;1;0.253;0.487;3.389;2;0.258;0.839;3.442;3;0.261;1.028;3.453;4;0.109;0.730;3.403;5;0.061;0.474;3.349;6;0.030;0.299;3.258;7;0.028;0.236;3.234;8;0.396;0.721;3.382;9;0.444;0.465;3.326;10;0.461;0.281;3.252;10;0.461;0.281;3.252;12;0.182;0.370;3.315;13;0.125;0.011;3.334;14;0.081;-0.261;3.357;15;0.062;-0.329;3.334;16;0.312;0.372;3.296;17;0.368;0.015;3.329;18;0.420;-0.266;3.349;19;0.421;-0.326;3.323
Frame1183;72.278;0;0.249;0.434;3.326;1;0.253;0.487;3.389;2;0.258;0.839;3.442;3;0.261;1.028;3.453;4;0.109;0.730;3.403;5;0.061;0.474;3.350;6;0.030;0.299;3.258;7;0.028;0.237;3.235;8;0.395;0.721;3.381;9;0.445;0.465;3.324;10;0.460;0.283;3.248;10;0.460;0.283;3.248;12;0.182;0.370;3.315;13;0.125;0.011;3.333;14;0.081;-0.261;3.357;15;0.061;-0.330;3.335;16;0.312;0.372;3.296;17;0.368;0.015;3.328;18;0.420;-0.267;3.348;19;0.415;-0.309;3.296
Frame1184;72.295;0;0.249;0.434;3.326;1;0.253;0.487;3.389;2;0.258;0.839;3.442;3;0.261;1.028;3.453;4;0.109;0.730;3.403;5;0.061;0.474;3.350;6;0.030;0.299;3.258;7;0.028;0.237;3.235;8;0.395;0.721;3.381;9;0.445;0.465;3.324;10;0.460;0.283;3.248;10;0.460;0.283;3.248;12;0.182;0.370;3.315;13;0.125;0.011;3.333;14;0.081;-0.261;3.357;15;0.061;-0.330;3.335;16;0.312;0.372;3.296;17;0.368;0.015;3.328;18;0.420;-0.267;3.348;19;0.415;-0.309;3.296
Frame1185;72.312;0;0.248;0.434;3.325;1;0.253;0.487;3.389;2;0.258;0.840;3.442;3;0.261;1.028;3.453;4;0.108;0.730;3.403;5;0.060;0.474;3.351;6;0.030;0.299;3.259;7;0.028;0.238;3.236;8;0.395;0.721;3.380;9;0.445;0.466;3.323;10;0.458;0.287;3.236;10;0.458;0.287;3.236;12;0.182;0.370;3.314;13;0.125;0.011;3.333;14;0.081;-0.261;3.356;15;0.061;-0.330;3.336;16;0.312;0.372;3.295;17;0.368;0.015;3.327;18;0.419;-0.267;3.348;19;0.413;-0.300;3.282
Frame1186;72.329;0;0.248;0.434;3.325;1;0.253;0.487;3.389;2;0.258;0.840;3.442;3;0.261;1.028;3.453;4;0.108;0.730;3.403;5;0.060;0.474;3.351;6;0.030;0.299;3.259;7;0.028;0.238;3.236;8;0.395;0.721;3.380;9;0.445;0.466;3.323;10;0.458;0.287;3.236;10;0.458;0.287;3.236;12;0.182;0.370;3.314;13;0.125;0.011;3.333;14;0.081;-0.261;3.356;15;0.061;-0.330;3.336;16;0.312;0.372;3.295;17;0.368;0.015;3.327;18;0.419;-0.267;3.348;19;0.413;-0.300;3.282
Frame1187;72.346;0;0.248;0.434;3.325;1;0.253;0.487;3.388;2;0.258;0.840;3.441;3;0.260;1.028;3.453;4;0.108;0.730;3.402;5;0.060;0.474;3.353;6;0.029;0.299;3.260;7;0.028;0.239;3.236;8;0.395;0.721;3.379;9;0.445;0.469;3.320;10;0.457;0.291;3.230;10;0.457;0.291;3.230;12;0.181;0.370;3.313;13;0.124;0.011;3.332;14;0.081;-0.261;3.356;15;0.061;-0.331;3.336;16;0.311;0.372;3.295;17;0.367;0.016;3.325;18;0.419;-0.267;3.347;19;0.411;-0.296;3.276
Frame1188;72.363;0;0.248;0.434;3.325;1;0.253;0.487;3.388;2;0.258;0.840;3.441;3;0.260;1.028;3.453;4;0.108;0.730;3.402;5;0.060;0.474;3.353;6;0.029;0.299;3.260;7;0.028;0.239;3.236;8;0.395;0.721;3.379;9;0.445;0.469;3.320;10;0.457;0.291;3.230;10;0.457;0.291;3.230;12;0.181;0.370;3.313;13;0.124;0.011;3.332;14;0.081;-0.261;3.356;15;0.061;-0.331;3.336;16;0.311;0.372;3.295;17;0.367;0.016;3.325;18;0.419;-0.267;3.347;19;0.411;-0.296;3.276
Frame1189;72.380;0;0.247;0.434;3.324;1;0.252;0.487;3.387;2;0.257;0.840;3.441;3;0.260;1.028;3.453;4;0.107;0.730;3.402;5;0.059;0.474;3.354;6;0.026;0.295;3.265;7;0.018;0.234;3.243;8;0.394;0.722;3.378;9;0.445;0.471;3.318;10;0.456;0.295;3.224;10;0.456;0.295;3.224;12;0.180;0.371;3.312;13;0.124;0.011;3.330;14;0.081;-0.261;3.356;15;0.061;-0.331;3.336;16;0.311;0.373;3.295;17;0.366;0.016;3.322;18;0.419;-0.267;3.347;19;0.410;-0.293;3.272
Frame1190;72.398;0;0.247;0.434;3.324;1;0.252;0.487;3.387;2;0.257;0.840;3.441;3;0.260;1.028;3.453;4;0.107;0.730;3.402;5;0.059;0.474;3.354;6;0.026;0.295;3.265;7;0.018;0.234;3.243;8;0.394;0.722;3.378;9;0.445;0.471;3.318;10;0.456;0.295;3.224;10;0.456;0.295;3.224;12;0.180;0.371;3.312;13;0.124;0.011;3.330;14;0.081;-0.261;3.356;15;0.061;-0.331;3.336;16;0.311;0.373;3.295;17;0.366;0.016;3.322;18;0.419;-0.267;3.347;19;0.410;-0.293;3.272
Frame1191;72.415;0;0.246;0.435;3.323;1;0.251;0.487;3.387;2;0.257;0.841;3.440;3;0.260;1.028;3.452;4;0.106;0.731;3.401;5;0.059;0.474;3.356;6;0.006;0.275;3.291;7;-0.024;0.218;3.280;8;0.393;0.722;3.376;9;0.445;0.472;3.317;10;0.456;0.298;3.220;10;0.456;0.298;3.220;12;0.179;0.371;3.311;13;0.123;0.011;3.329;14;0.081;-0.265;3.357;15;0.061;-0.332;3.336;16;0.310;0.373;3.294;17;0.365;0.017;3.320;18;0.419;-0.267;3.346;19;0.410;-0.291;3.269
Frame1192;72.432;0;0.246;0.435;3.323;1;0.251;0.487;3.387;2;0.257;0.841;3.440;3;0.260;1.028;3.452;4;0.106;0.731;3.401;5;0.059;0.474;3.356;6;0.006;0.275;3.291;7;-0.024;0.218;3.280;8;0.393;0.722;3.376;9;0.445;0.472;3.317;10;0.456;0.298;3.220;10;0.456;0.298;3.220;12;0.179;0.371;3.311;13;0.123;0.011;3.329;14;0.081;-0.265;3.357;15;0.061;-0.332;3.336;16;0.310;0.373;3.294;17;0.365;0.017;3.320;18;0.419;-0.267;3.346;19;0.410;-0.291;3.269
Frame1193;72.449;0;0.245;0.435;3.322;1;0.250;0.488;3.386;2;0.256;0.841;3.440;3;0.259;1.028;3.452;4;0.106;0.731;3.401;5;0.058;0.474;3.357;6;-0.026;0.257;3.327;7;-0.062;0.206;3.316;8;0.392;0.722;3.375;9;0.445;0.473;3.317;10;0.456;0.299;3.217;10;0.456;0.299;3.217;12;0.178;0.371;3.311;13;0.121;0.011;3.327;14;0.080;-0.266;3.357;15;0.061;-0.332;3.336;16;0.308;0.373;3.293;17;0.364;0.016;3.318;18;0.419;-0.268;3.346;19;0.417;-0.314;3.302
Frame1194;72.466;0;0.245;0.435;3.322;1;0.250;0.488;3.386;2;0.256;0.841;3.440;3;0.259;1.028;3.452;4;0.106;0.731;3.401;5;0.058;0.474;3.357;6;-0.026;0.257;3.327;7;-0.062;0.206;3.316;8;0.392;0.722;3.375;9;0.445;0.473;3.317;10;0.456;0.299;3.217;10;0.456;0.299;3.217;12;0.178;0.371;3.311;13;0.121;0.011;3.327;14;0.080;-0.266;3.357;15;0.061;-0.332;3.336;16;0.308;0.373;3.293;17;0.364;0.016;3.318;18;0.419;-0.268;3.346;19;0.417;-0.314;3.302
Frame1195;72.483;0;0.243;0.435;3.321;1;0.249;0.488;3.385;2;0.255;0.842;3.439;3;0.259;1.028;3.452;4;0.104;0.730;3.401;5;0.056;0.473;3.359;6;-0.048;0.253;3.350;7;-0.102;0.198;3.363;8;0.390;0.722;3.374;9;0.444;0.473;3.316;10;0.468;0.293;3.211;10;0.468;0.293;3.211;12;0.176;0.372;3.310;13;0.119;0.011;3.326;14;0.080;-0.267;3.357;15;0.065;-0.308;3.305;16;0.305;0.373;3.291;17;0.362;0.014;3.317;18;0.419;-0.268;3.346;19;0.416;-0.311;3.298
Frame1196;72.500;0;0.243;0.435;3.321;1;0.249;0.488;3.385;2;0.255;0.842;3.439;3;0.259;1.028;3.452;4;0.104;0.730;3.401;5;0.056;0.473;3.359;6;-0.048;0.253;3.350;7;-0.102;0.198;3.363;8;0.390;0.722;3.374;9;0.444;0.473;3.316;10;0.468;0.293;3.211;10;0.468;0.293;3.211;12;0.176;0.372;3.310;13;0.119;0.011;3.326;14;0.080;-0.267;3.357;15;0.065;-0.308;3.305;16;0.305;0.373;3.291;17;0.362;0.014;3.317;18;0.419;-0.268;3.346;19;0.416;-0.311;3.298
Frame1197;72.517;0;0.240;0.435;3.320;1;0.247;0.488;3.384;2;0.254;0.842;3.439;3;0.254;1.026;3.451;4;0.101;0.729;3.401;5;0.046;0.471;3.364;6;-0.086;0.284;3.356;7;-0.129;0.228;3.374;8;0.388;0.722;3.372;9;0.443;0.472;3.316;10;0.503;0.285;3.213;10;0.503;0.285;3.213;12;0.174;0.372;3.309;13;0.117;0.011;3.325;14;0.080;-0.267;3.357;15;0.064;-0.313;3.312;16;0.302;0.374;3.289;17;0.360;0.011;3.316;18;0.419;-0.267;3.345;19;0.419;-0.317;3.310
Frame1198;72.535;0;0.240;0.435;3.320;1;0.247;0.488;3.384;2;0.254;0.842;3.439;3;0.254;1.026;3.451;4;0.101;0.729;3.401;5;0.046;0.471;3.364;6;-0.086;0.284;3.356;7;-0.129;0.228;3.374;8;0.388;0.722;3.372;9;0.443;0.472;3.316;10;0.503;0.285;3.213;10;0.503;0.285;3.213;12;0.174;0.372;3.309;13;0.117;0.011;3.325;14;0.080;-0.267;3.357;15;0.064;-0.313;3.312;16;0.302;0.374;3.289;17;0.360;0.011;3.316;18;0.419;-0.267;3.345;19;0.419;-0.317;3.310
Frame1199;72.552;0;0.232;0.434;3.318;1;0.240;0.486;3.382;2;0.248;0.841;3.442;3;0.249;1.025;3.451;4;0.095;0.725;3.402;5;0.024;0.467;3.369;6;-0.140;0.324;3.352;7;-0.182;0.264;3.383;8;0.385;0.721;3.372;9;0.442;0.471;3.315;10;0.548;0.309;3.219;10;0.548;0.309;3.219;12;0.164;0.371;3.306;13;0.114;0.012;3.324;14;0.079;-0.267;3.357;15;0.062;-0.319;3.319;16;0.294;0.373;3.286;17;0.357;0.009;3.314;18;0.418;-0.267;3.344;19;0.420;-0.322;3.316
Frame1200;72.569;0;0.222;0.433;3.315;1;0.231;0.485;3.381;2;0.241;0.840;3.446;3;0.245;1.023;3.451;4;0.089;0.721;3.402;5;-0.027;0.478;3.383;6;-0.205;0.393;3.319;7;-0.248;0.354;3.335;8;0.378;0.720;3.372;9;0.454;0.483;3.319;10;0.599;0.350;3.239;10;0.599;0.350;3.239;12;0.154;0.371;3.303;13;0.111;0.012;3.324;14;0.078;-0.267;3.357;15;0.061;-0.322;3.322;16;0.283;0.372;3.282;17;0.352;0.008;3.309;18;0.418;-0.267;3.344;19;0.421;-0.324;3.320
Frame1201;72.586;0;0.222;0.433;3.315;1;0.231;0.485;3.381;2;0.241;0.840;3.446;3;0.245;1.023;3.451;4;0.089;0.721;3.402;5;-0.027;0.478;3.383;6;-0.205;0.393;3.319;7;-0.248;0.354;3.335;8;0.378;0.720;3.372;9;0.454;0.483;3.319;10;0.599;0.350;3.239;10;0.599;0.350;3.239;12;0.154;0.371;3.303;13;0.111;0.012;3.324;14;0.078;-0.267;3.357;15;0.061;-0.322;3.322;16;0.283;0.372;3.282;17;0.352;0.008;3.309;18;0.418;-0.267;3.344;19;0.421;-0.324;3.320
Frame1202;72.603;0;0.222;0.433;3.315;1;0.231;0.485;3.381;2;0.241;0.840;3.446;3;0.245;1.023;3.451;4;0.089;0.721;3.402;5;-0.027;0.478;3.383;6;-0.205;0.393;3.319;7;-0.248;0.354;3.335;8;0.378;0.720;3.372;9;0.454;0.483;3.319;10;0.599;0.350;3.239;10;0.599;0.350;3.239;12;0.154;0.371;3.303;13;0.111;0.012;3.324;14;0.078;-0.267;3.357;15;0.061;-0.322;3.322;16;0.283;0.372;3.282;17;0.352;0.008;3.309;18;0.418;-0.267;3.344;19;0.421;-0.324;3.320
Frame1203;72.620;0;0.211;0.435;3.314;1;0.219;0.486;3.379;2;0.229;0.840;3.447;3;0.230;1.025;3.452;4;0.076;0.720;3.404;5;-0.075;0.504;3.399;6;-0.263;0.487;3.297;7;-0.317;0.469;3.314;8;0.372;0.721;3.374;9;0.465;0.497;3.324;10;0.655;0.423;3.258;10;0.655;0.423;3.258;12;0.140;0.372;3.300;13;0.107;0.013;3.325;14;0.077;-0.266;3.356;15;0.059;-0.324;3.325;16;0.275;0.373;3.281;17;0.343;0.010;3.296;18;0.418;-0.258;3.327;19;0.415;-0.295;3.276
Frame1204;72.637;0;0.199;0.440;3.313;1;0.205;0.490;3.379;2;0.217;0.842;3.448;3;0.220;1.026;3.452;4;0.056;0.728;3.404;5;-0.115;0.553;3.408;6;-0.292;0.591;3.270;7;-0.330;0.601;3.262;8;0.360;0.729;3.383;9;0.482;0.528;3.340;10;0.692;0.506;3.273;10;0.692;0.506;3.273;12;0.128;0.377;3.297;13;0.104;0.015;3.325;14;0.076;-0.266;3.356;15;0.058;-0.326;3.326;16;0.265;0.376;3.282;17;0.336;0.025;3.261;18;0.415;-0.239;3.282;19;0.410;-0.265;3.215
Frame1205;72.654;0;0.199;0.440;3.313;1;0.205;0.490;3.379;2;0.217;0.842;3.448;3;0.220;1.026;3.452;4;0.056;0.728;3.404;5;-0.115;0.553;3.408;6;-0.292;0.591;3.270;7;-0.330;0.601;3.262;8;0.360;0.729;3.383;9;0.482;0.528;3.340;10;0.692;0.506;3.273;10;0.692;0.506;3.273;12;0.128;0.377;3.297;13;0.104;0.015;3.325;14;0.076;-0.266;3.356;15;0.058;-0.326;3.326;16;0.265;0.376;3.282;17;0.336;0.025;3.261;18;0.415;-0.239;3.282;19;0.410;-0.265;3.215
Frame1206;72.671;0;0.189;0.446;3.314;1;0.193;0.497;3.380;2;0.197;0.851;3.449;3;0.212;1.030;3.454;4;0.039;0.740;3.403;5;-0.140;0.621;3.412;6;-0.251;0.666;3.223;7;-0.281;0.677;3.177;8;0.345;0.742;3.390;9;0.484;0.578;3.368;10;0.673;0.590;3.268;10;0.673;0.590;3.268;12;0.119;0.382;3.295;13;0.100;0.017;3.325;14;0.074;-0.266;3.356;15;0.057;-0.327;3.327;16;0.255;0.384;3.286;17;0.333;0.050;3.215;18;0.414;-0.227;3.250;19;0.409;-0.246;3.173
Frame1207;72.688;0;0.189;0.446;3.314;1;0.193;0.497;3.380;2;0.197;0.851;3.449;3;0.212;1.030;3.454;4;0.039;0.740;3.403;5;-0.140;0.621;3.412;6;-0.251;0.666;3.223;7;-0.281;0.677;3.177;8;0.345;0.742;3.390;9;0.484;0.578;3.368;10;0.673;0.590;3.268;10;0.673;0.590;3.268;12;0.119;0.382;3.295;13;0.100;0.017;3.325;14;0.074;-0.266;3.356;15;0.057;-0.327;3.327;16;0.255;0.384;3.286;17;0.333;0.050;3.215;18;0.414;-0.227;3.250;19;0.409;-0.246;3.173
Frame1208;72.705;0;0.181;0.457;3.317;1;0.180;0.509;3.383;2;0.181;0.860;3.450;3;0.205;1.034;3.456;4;0.029;0.757;3.398;5;-0.164;0.700;3.414;6;-0.183;0.679;3.186;7;-0.175;0.667;3.126;8;0.330;0.757;3.406;9;0.482;0.627;3.404;10;0.627;0.629;3.256;10;0.627;0.629;3.256;12;0.112;0.391;3.292;13;0.095;0.021;3.325;14;0.072;-0.266;3.355;15;0.056;-0.328;3.327;16;0.244;0.401;3.306;17;0.336;0.076;3.174;18;0.417;-0.219;3.227;19;0.414;-0.237;3.148
Frame1209;72.722;0;0.181;0.457;3.317;1;0.180;0.509;3.383;2;0.181;0.860;3.450;3;0.205;1.034;3.456;4;0.029;0.757;3.398;5;-0.164;0.700;3.414;6;-0.183;0.679;3.186;7;-0.175;0.667;3.126;8;0.330;0.757;3.406;9;0.482;0.627;3.404;10;0.627;0.629;3.256;10;0.627;0.629;3.256;12;0.112;0.391;3.292;13;0.095;0.021;3.325;14;0.072;-0.266;3.355;15;0.056;-0.328;3.327;16;0.244;0.401;3.306;17;0.336;0.076;3.174;18;0.417;-0.219;3.227;19;0.414;-0.237;3.148
Frame1210;72.739;0;0.174;0.471;3.324;1;0.169;0.521;3.388;2;0.170;0.866;3.451;3;0.201;1.038;3.458;4;0.020;0.774;3.391;5;-0.174;0.743;3.398;6;-0.148;0.676;3.165;7;-0.116;0.634;3.119;8;0.321;0.768;3.416;9;0.482;0.655;3.420;10;0.596;0.640;3.242;10;0.596;0.640;3.242;12;0.108;0.403;3.291;13;0.087;0.028;3.323;14;0.069;-0.268;3.353;15;0.063;-0.313;3.297;16;0.239;0.412;3.320;17;0.343;0.124;3.135;18;0.417;-0.196;3.198;19;0.413;-0.233;3.137
Frame1211;72.756;0;0.174;0.471;3.324;1;0.169;0.521;3.388;2;0.170;0.866;3.451;3;0.201;1.038;3.458;4;0.020;0.774;3.391;5;-0.174;0.743;3.398;6;-0.148;0.676;3.165;7;-0.116;0.634;3.119;8;0.321;0.768;3.416;9;0.482;0.655;3.420;10;0.596;0.640;3.242;10;0.596;0.640;3.242;12;0.108;0.403;3.291;13;0.087;0.028;3.323;14;0.069;-0.268;3.353;15;0.063;-0.313;3.297;16;0.239;0.412;3.320;17;0.343;0.124;3.135;18;0.417;-0.196;3.198;19;0.413;-0.233;3.137
Frame1212;72.773;0;0.171;0.480;3.329;1;0.163;0.529;3.392;2;0.160;0.872;3.451;3;0.197;1.042;3.458;4;0.016;0.786;3.384;5;-0.164;0.732;3.308;6;-0.105;0.597;3.140;7;-0.079;0.540;3.113;8;0.317;0.774;3.421;9;0.482;0.670;3.427;10;0.554;0.573;3.216;10;0.554;0.573;3.216;12;0.106;0.411;3.291;13;0.080;0.034;3.321;14;0.066;-0.271;3.348;15;0.067;-0.306;3.279;16;0.238;0.421;3.331;17;0.351;0.171;3.104;18;0.409;-0.162;3.171;19;0.411;-0.230;3.133
Frame1213;72.790;0;0.171;0.480;3.329;1;0.163;0.529;3.392;2;0.160;0.872;3.451;3;0.197;1.042;3.458;4;0.016;0.786;3.384;5;-0.164;0.732;3.308;6;-0.105;0.597;3.140;7;-0.079;0.540;3.113;8;0.317;0.774;3.421;9;0.482;0.670;3.427;10;0.554;0.573;3.216;10;0.554;0.573;3.216;12;0.106;0.411;3.291;13;0.080;0.034;3.321;14;0.066;-0.271;3.348;15;0.067;-0.306;3.279;16;0.238;0.421;3.331;17;0.351;0.171;3.104;18;0.409;-0.162;3.171;19;0.411;-0.230;3.133
Frame1214;72.807;0;0.168;0.486;3.334;1;0.158;0.535;3.396;2;0.154;0.876;3.451;3;0.195;1.045;3.459;4;0.012;0.793;3.372;5;-0.154;0.708;3.279;6;-0.079;0.533;3.137;7;-0.062;0.469;3.113;8;0.314;0.777;3.424;9;0.473;0.656;3.395;10;0.518;0.516;3.208;10;0.518;0.516;3.208;12;0.104;0.417;3.292;13;0.072;0.044;3.314;14;0.062;-0.275;3.340;15;0.069;-0.302;3.265;16;0.237;0.425;3.339;17;0.354;0.202;3.087;18;0.395;-0.135;3.139;19;0.404;-0.186;3.091
Frame1215;72.824;0;0.168;0.486;3.334;1;0.158;0.535;3.396;2;0.154;0.876;3.451;3;0.195;1.045;3.459;4;0.012;0.793;3.372;5;-0.154;0.708;3.279;6;-0.079;0.533;3.137;7;-0.062;0.469;3.113;8;0.314;0.777;3.424;9;0.473;0.656;3.395;10;0.518;0.516;3.208;10;0.518;0.516;3.208;12;0.104;0.417;3.292;13;0.072;0.044;3.314;14;0.062;-0.275;3.340;15;0.069;-0.302;3.265;16;0.237;0.425;3.339;17;0.354;0.202;3.087;18;0.395;-0.135;3.139;19;0.404;-0.186;3.091
Frame1216;72.841;0;0.167;0.490;3.337;1;0.155;0.539;3.398;2;0.150;0.878;3.451;3;0.193;1.047;3.459;4;0.009;0.794;3.362;5;-0.123;0.639;3.244;6;-0.052;0.442;3.146;7;-0.050;0.367;3.136;8;0.312;0.778;3.425;9;0.458;0.607;3.364;10;0.478;0.436;3.214;10;0.478;0.436;3.214;12;0.102;0.420;3.293;13;0.066;0.057;3.299;14;0.059;-0.275;3.333;15;0.070;-0.299;3.257;16;0.236;0.427;3.346;17;0.343;0.261;3.071;18;0.379;-0.078;3.120;19;0.392;-0.115;3.061
Frame1217;72.858;0;0.167;0.490;3.337;1;0.155;0.539;3.398;2;0.150;0.878;3.451;3;0.193;1.047;3.459;4;0.009;0.794;3.362;5;-0.123;0.639;3.244;6;-0.052;0.442;3.146;7;-0.050;0.367;3.136;8;0.312;0.778;3.425;9;0.458;0.607;3.364;10;0.478;0.436;3.214;10;0.478;0.436;3.214;12;0.102;0.420;3.293;13;0.066;0.057;3.299;14;0.059;-0.275;3.333;15;0.070;-0.299;3.257;16;0.236;0.427;3.346;17;0.343;0.261;3.071;18;0.379;-0.078;3.120;19;0.392;-0.115;3.061
Frame1218;72.875;0;0.164;0.487;3.343;1;0.151;0.537;3.402;2;0.146;0.877;3.450;3;0.192;1.047;3.459;4;0.011;0.775;3.341;5;-0.085;0.559;3.236;6;-0.041;0.342;3.165;7;-0.056;0.258;3.155;8;0.310;0.759;3.418;9;0.439;0.540;3.338;10;0.455;0.330;3.246;10;0.455;0.330;3.246;12;0.100;0.419;3.295;13;0.062;0.062;3.284;14;0.054;-0.277;3.316;15;0.070;-0.298;3.243;16;0.234;0.417;3.356;17;0.340;0.300;3.064;18;0.370;-0.035;3.112;19;0.387;-0.062;3.047
Frame1219;72.892;0;0.164;0.487;3.343;1;0.151;0.537;3.402;2;0.146;0.877;3.450;3;0.192;1.047;3.459;4;0.011;0.775;3.341;5;-0.085;0.559;3.236;6;-0.041;0.342;3.165;7;-0.056;0.258;3.155;8;0.310;0.759;3.418;9;0.439;0.540;3.338;10;0.455;0.330;3.246;10;0.455;0.330;3.246;12;0.100;0.419;3.295;13;0.062;0.062;3.284;14;0.054;-0.277;3.316;15;0.070;-0.298;3.243;16;0.234;0.417;3.356;17;0.340;0.300;3.064;18;0.370;-0.035;3.112;19;0.387;-0.062;3.047
Frame1220;72.909;0;0.159;0.466;3.347;1;0.144;0.520;3.404;2;0.143;0.860;3.443;3;0.189;1.043;3.460;4;0.015;0.747;3.325;5;-0.059;0.500;3.235;6;-0.052;0.297;3.187;7;-0.075;0.249;3.174;8;0.308;0.733;3.410;9;0.412;0.487;3.324;10;0.454;0.283;3.278;10;0.454;0.283;3.278;12;0.092;0.403;3.297;13;0.063;0.062;3.266;14;0.051;-0.279;3.302;15;0.069;-0.299;3.232;16;0.231;0.396;3.363;17;0.338;0.319;3.058;18;0.368;-0.014;3.106;19;0.386;-0.035;3.039
Frame1221;72.926;0;0.159;0.466;3.347;1;0.144;0.520;3.404;2;0.143;0.860;3.443;3;0.189;1.043;3.460;4;0.015;0.747;3.325;5;-0.059;0.500;3.235;6;-0.052;0.297;3.187;7;-0.075;0.249;3.174;8;0.308;0.733;3.410;9;0.412;0.487;3.324;10;0.454;0.283;3.278;10;0.454;0.283;3.278;12;0.092;0.403;3.297;13;0.063;0.062;3.266;14;0.051;-0.279;3.302;15;0.069;-0.299;3.232;16;0.231;0.396;3.363;17;0.338;0.319;3.058;18;0.368;-0.014;3.106;19;0.386;-0.035;3.039
Frame1222;72.943;0;0.153;0.448;3.347;1;0.138;0.502;3.404;2;0.140;0.833;3.432;3;0.183;1.012;3.458;4;0.020;0.720;3.316;5;-0.045;0.450;3.250;6;-0.057;0.260;3.195;7;-0.084;0.226;3.185;8;0.307;0.710;3.402;9;0.387;0.445;3.320;10;0.456;0.233;3.310;10;0.456;0.233;3.310;12;0.081;0.383;3.296;13;0.065;0.060;3.250;14;0.050;-0.278;3.289;15;0.069;-0.299;3.222;16;0.228;0.378;3.365;17;0.338;0.331;3.055;18;0.367;-0.002;3.102;19;0.386;-0.023;3.035
Frame1223;72.960;0;0.153;0.448;3.347;1;0.138;0.502;3.404;2;0.140;0.833;3.432;3;0.183;1.012;3.458;4;0.020;0.720;3.316;5;-0.045;0.450;3.250;6;-0.057;0.260;3.195;7;-0.084;0.226;3.185;8;0.307;0.710;3.402;9;0.387;0.445;3.320;10;0.456;0.233;3.310;10;0.456;0.233;3.310;12;0.081;0.383;3.296;13;0.065;0.060;3.250;14;0.050;-0.278;3.289;15;0.069;-0.299;3.222;16;0.228;0.378;3.365;17;0.338;0.331;3.055;18;0.367;-0.002;3.102;19;0.386;-0.023;3.035
Frame1224;72.977;0;0.152;0.431;3.349;1;0.136;0.485;3.405;2;0.139;0.817;3.427;3;0.180;0.996;3.456;4;0.023;0.701;3.312;5;-0.047;0.444;3.259;6;-0.074;0.259;3.197;7;-0.103;0.218;3.187;8;0.310;0.682;3.395;9;0.378;0.428;3.318;10;0.449;0.200;3.320;10;0.449;0.200;3.320;12;0.078;0.365;3.298;13;0.067;0.059;3.237;14;0.049;-0.278;3.281;15;0.069;-0.298;3.215;16;0.231;0.358;3.368;17;0.338;0.338;3.054;18;0.366;0.005;3.100;19;0.386;-0.015;3.031
Frame1225;72.994;0;0.152;0.431;3.349;1;0.136;0.485;3.405;2;0.139;0.817;3.427;3;0.180;0.996;3.456;4;0.023;0.701;3.312;5;-0.047;0.444;3.259;6;-0.074;0.259;3.197;7;-0.103;0.218;3.187;8;0.310;0.682;3.395;9;0.378;0.428;3.318;10;0.449;0.200;3.320;10;0.449;0.200;3.320;12;0.078;0.365;3.298;13;0.067;0.059;3.237;14;0.049;-0.278;3.281;15;0.069;-0.298;3.215;16;0.231;0.358;3.368;17;0.338;0.338;3.054;18;0.366;0.005;3.100;19;0.386;-0.015;3.031
Frame1226;73.011;0;0.152;0.422;3.350;1;0.136;0.476;3.405;2;0.139;0.805;3.424;3;0.180;0.985;3.454;4;0.025;0.692;3.310;5;-0.065;0.454;3.258;6;-0.119;0.285;3.176;7;-0.138;0.229;3.175;8;0.312;0.670;3.394;9;0.379;0.426;3.321;10;0.477;0.251;3.280;10;0.477;0.251;3.280;12;0.076;0.357;3.298;13;0.068;0.058;3.229;14;0.049;-0.278;3.276;15;0.069;-0.298;3.210;16;0.232;0.348;3.369;17;0.339;0.338;3.056;18;0.368;0.006;3.099;19;0.387;-0.016;3.031
Frame1227;73.028;0;0.152;0.422;3.350;1;0.136;0.476;3.405;2;0.139;0.805;3.424;3;0.180;0.985;3.454;4;0.025;0.692;3.310;5;-0.065;0.454;3.258;6;-0.119;0.285;3.176;7;-0.138;0.229;3.175;8;0.312;0.670;3.394;9;0.379;0.426;3.321;10;0.477;0.251;3.280;10;0.477;0.251;3.280;12;0.076;0.357;3.298;13;0.068;0.058;3.229;14;0.049;-0.278;3.276;15;0.069;-0.298;3.210;16;0.232;0.348;3.369;17;0.339;0.338;3.056;18;0.368;0.006;3.099;19;0.387;-0.016;3.031
Frame1228;73.045;0;0.153;0.416;3.350;1;0.137;0.471;3.405;2;0.141;0.798;3.422;3;0.185;0.975;3.451;4;0.026;0.686;3.310;5;-0.083;0.486;3.257;6;-0.150;0.313;3.172;7;-0.169;0.256;3.165;8;0.319;0.660;3.397;9;0.409;0.424;3.315;10;0.487;0.247;3.255;10;0.487;0.247;3.255;12;0.076;0.351;3.299;13;0.069;0.057;3.223;14;0.049;-0.277;3.272;15;0.069;-0.298;3.207;16;0.236;0.341;3.369;17;0.341;0.334;3.057;18;0.371;0.003;3.100;19;0.390;-0.022;3.033
Frame1229;73.062;0;0.153;0.416;3.350;1;0.137;0.471;3.405;2;0.141;0.798;3.422;3;0.185;0.975;3.451;4;0.026;0.686;3.310;5;-0.083;0.486;3.257;6;-0.150;0.313;3.172;7;-0.169;0.256;3.165;8;0.319;0.660;3.397;9;0.409;0.424;3.315;10;0.487;0.247;3.255;10;0.487;0.247;3.255;12;0.076;0.351;3.299;13;0.069;0.057;3.223;14;0.049;-0.277;3.272;15;0.069;-0.298;3.207;16;0.236;0.341;3.369;17;0.341;0.334;3.057;18;0.371;0.003;3.100;19;0.390;-0.022;3.033
Frame1230;73.079;0;0.154;0.413;3.350;1;0.138;0.467;3.405;2;0.143;0.793;3.421;3;0.189;0.970;3.449;4;0.028;0.684;3.312;5;-0.111;0.528;3.252;6;-0.185;0.363;3.164;7;-0.203;0.293;3.155;8;0.326;0.656;3.396;9;0.440;0.450;3.315;10;0.510;0.275;3.213;10;0.510;0.275;3.213;12;0.076;0.348;3.299;13;0.071;0.056;3.220;14;0.049;-0.277;3.270;15;0.069;-0.298;3.205;16;0.239;0.337;3.366;17;0.346;0.328;3.057;18;0.379;-0.005;3.099;19;0.396;-0.030;3.033
Frame1231;73.096;0;0.154;0.413;3.350;1;0.138;0.467;3.405;2;0.143;0.793;3.421;3;0.189;0.970;3.449;4;0.028;0.684;3.312;5;-0.111;0.528;3.252;6;-0.185;0.363;3.164;7;-0.203;0.293;3.155;8;0.326;0.656;3.396;9;0.440;0.450;3.315;10;0.510;0.275;3.213;10;0.510;0.275;3.213;12;0.076;0.348;3.299;13;0.071;0.056;3.220;14;0.049;-0.277;3.270;15;0.069;-0.298;3.205;16;0.239;0.337;3.366;17;0.346;0.328;3.057;18;0.379;-0.005;3.099;19;0.396;-0.030;3.033
Frame1232;73.113;0;0.163;0.420;3.343;1;0.148;0.473;3.399;2;0.152;0.798;3.420;3;0.201;0.977;3.443;4;0.032;0.699;3.323;5;-0.133;0.593;3.256;6;-0.208;0.434;3.147;7;-0.223;0.367;3.136;8;0.334;0.670;3.397;9;0.468;0.511;3.322;10;0.530;0.358;3.180;10;0.530;0.358;3.180;12;0.084;0.355;3.298;13;0.073;0.055;3.219;14;0.050;-0.276;3.269;15;0.069;-0.298;3.204;16;0.248;0.354;3.347;17;0.361;0.308;3.056;18;0.394;-0.021;3.108;19;0.408;-0.046;3.041
Frame1233;73.130;0;0.163;0.420;3.343;1;0.148;0.473;3.399;2;0.152;0.798;3.420;3;0.201;0.977;3.443;4;0.032;0.699;3.323;5;-0.133;0.593;3.256;6;-0.208;0.434;3.147;7;-0.223;0.367;3.136;8;0.334;0.670;3.397;9;0.468;0.511;3.322;10;0.530;0.358;3.180;10;0.530;0.358;3.180;12;0.084;0.355;3.298;13;0.073;0.055;3.219;14;0.050;-0.276;3.269;15;0.069;-0.298;3.204;16;0.248;0.354;3.347;17;0.361;0.308;3.056;18;0.394;-0.021;3.108;19;0.408;-0.046;3.041
Frame1234;73.147;0;0.181;0.451;3.333;1;0.169;0.502;3.392;2;0.172;0.833;3.427;3;0.221;1.002;3.438;4;0.042;0.732;3.341;5;-0.143;0.662;3.268;6;-0.208;0.502;3.140;7;-0.226;0.444;3.108;8;0.350;0.704;3.397;9;0.490;0.561;3.332;10;0.551;0.447;3.157;10;0.551;0.447;3.157;12;0.104;0.385;3.292;13;0.079;0.053;3.225;14;0.052;-0.275;3.271;15;0.069;-0.299;3.205;16;0.261;0.384;3.330;17;0.382;0.267;3.069;18;0.406;-0.061;3.130;19;0.416;-0.087;3.063
Frame1235;73.165;0;0.181;0.451;3.333;1;0.169;0.502;3.392;2;0.172;0.833;3.427;3;0.221;1.002;3.438;4;0.042;0.732;3.341;5;-0.143;0.662;3.268;6;-0.208;0.502;3.140;7;-0.226;0.444;3.108;8;0.350;0.704;3.397;9;0.490;0.561;3.332;10;0.551;0.447;3.157;10;0.551;0.447;3.157;12;0.104;0.385;3.292;13;0.079;0.053;3.225;14;0.052;-0.275;3.271;15;0.069;-0.299;3.205;16;0.261;0.384;3.330;17;0.382;0.267;3.069;18;0.406;-0.061;3.130;19;0.416;-0.087;3.063
Frame1236;73.181;0;0.196;0.474;3.326;1;0.185;0.522;3.387;2;0.188;0.859;3.433;3;0.241;1.032;3.435;4;0.053;0.762;3.351;5;-0.140;0.714;3.283;6;-0.194;0.576;3.132;7;-0.200;0.524;3.086;8;0.361;0.731;3.400;9;0.506;0.610;3.335;10;0.567;0.525;3.132;10;0.567;0.525;3.132;12;0.128;0.413;3.287;13;0.087;0.054;3.240;14;0.057;-0.275;3.280;15;0.071;-0.300;3.212;16;0.271;0.404;3.319;17;0.397;0.229;3.080;18;0.415;-0.096;3.152;19;0.420;-0.157;3.118
Frame1237;73.198;0;0.196;0.474;3.326;1;0.185;0.522;3.387;2;0.188;0.859;3.433;3;0.241;1.032;3.435;4;0.053;0.762;3.351;5;-0.140;0.714;3.283;6;-0.194;0.576;3.132;7;-0.200;0.524;3.086;8;0.361;0.731;3.400;9;0.506;0.610;3.335;10;0.567;0.525;3.132;10;0.567;0.525;3.132;12;0.128;0.413;3.287;13;0.087;0.054;3.240;14;0.057;-0.275;3.280;15;0.071;-0.300;3.212;16;0.271;0.404;3.319;17;0.397;0.229;3.080;18;0.415;-0.096;3.152;19;0.420;-0.157;3.118
Frame1238;73.215;0;0.208;0.490;3.320;1;0.198;0.538;3.382;2;0.211;0.888;3.444;3;0.255;1.054;3.435;4;0.068;0.788;3.358;5;-0.137;0.752;3.313;6;-0.176;0.633;3.125;7;-0.176;0.600;3.074;8;0.370;0.754;3.404;9;0.508;0.627;3.338;10;0.578;0.588;3.133;10;0.578;0.588;3.133;12;0.144;0.431;3.281;13;0.094;0.057;3.255;14;0.062;-0.270;3.288;15;0.074;-0.296;3.220;16;0.279;0.421;3.312;17;0.410;0.179;3.102;18;0.432;-0.144;3.183;19;0.429;-0.227;3.165
Frame1239;73.232;0;0.208;0.490;3.320;1;0.198;0.538;3.382;2;0.211;0.888;3.444;3;0.255;1.054;3.435;4;0.068;0.788;3.358;5;-0.137;0.752;3.313;6;-0.176;0.633;3.125;7;-0.176;0.600;3.074;8;0.370;0.754;3.404;9;0.508;0.627;3.338;10;0.578;0.588;3.133;10;0.578;0.588;3.133;12;0.144;0.431;3.281;13;0.094;0.057;3.255;14;0.062;-0.270;3.288;15;0.074;-0.296;3.220;16;0.279;0.421;3.312;17;0.410;0.179;3.102;18;0.432;-0.144;3.183;19;0.429;-0.227;3.165
Frame1240;73.249;0;0.221;0.502;3.315;1;0.213;0.550;3.379;2;0.222;0.901;3.448;3;0.263;1.065;3.435;4;0.076;0.801;3.362;5;-0.102;0.734;3.360;6;-0.154;0.686;3.145;7;-0.165;0.672;3.070;8;0.382;0.774;3.401;9;0.502;0.633;3.339;10;0.583;0.606;3.139;10;0.583;0.606;3.139;12;0.156;0.442;3.278;13;0.100;0.058;3.267;14;0.066;-0.268;3.292;15;0.076;-0.294;3.224;16;0.291;0.435;3.303;17;0.414;0.138;3.127;18;0.446;-0.185;3.205;19;0.439;-0.279;3.200
Frame1241;73.266;0;0.221;0.502;3.315;1;0.213;0.550;3.379;2;0.222;0.901;3.448;3;0.263;1.065;3.435;4;0.076;0.801;3.362;5;-0.102;0.734;3.360;6;-0.154;0.686;3.145;7;-0.165;0.672;3.070;8;0.382;0.774;3.401;9;0.502;0.633;3.339;10;0.583;0.606;3.139;10;0.583;0.606;3.139;12;0.156;0.442;3.278;13;0.100;0.058;3.267;14;0.066;-0.268;3.292;15;0.076;-0.294;3.224;16;0.291;0.435;3.303;17;0.414;0.138;3.127;18;0.446;-0.185;3.205;19;0.439;-0.279;3.200
Frame1242;73.283;0;0.229;0.509;3.311;1;0.222;0.557;3.376;2;0.232;0.909;3.451;3;0.271;1.074;3.437;4;0.084;0.809;3.366;5;-0.068;0.705;3.355;6;-0.155;0.691;3.153;7;-0.175;0.721;3.093;8;0.393;0.784;3.400;9;0.494;0.631;3.333;10;0.597;0.636;3.139;10;0.597;0.636;3.139;12;0.163;0.448;3.275;13;0.105;0.057;3.276;14;0.068;-0.265;3.295;15;0.077;-0.292;3.227;16;0.298;0.443;3.296;17;0.415;0.104;3.148;18;0.455;-0.217;3.222;19;0.453;-0.260;3.170
Frame1243;73.300;0;0.229;0.509;3.311;1;0.222;0.557;3.376;2;0.232;0.909;3.451;3;0.271;1.074;3.437;4;0.084;0.809;3.366;5;-0.068;0.705;3.355;6;-0.155;0.691;3.153;7;-0.175;0.721;3.093;8;0.393;0.784;3.400;9;0.494;0.631;3.333;10;0.597;0.636;3.139;10;0.597;0.636;3.139;12;0.163;0.448;3.275;13;0.105;0.057;3.276;14;0.068;-0.265;3.295;15;0.077;-0.292;3.227;16;0.298;0.443;3.296;17;0.415;0.104;3.148;18;0.455;-0.217;3.222;19;0.453;-0.260;3.170
Frame1244;73.317;0;0.236;0.513;3.307;1;0.231;0.560;3.373;2;0.239;0.914;3.453;3;0.278;1.080;3.436;4;0.094;0.812;3.371;5;-0.026;0.667;3.356;6;-0.148;0.718;3.171;7;-0.184;0.737;3.120;8;0.403;0.788;3.399;9;0.476;0.615;3.318;10;0.606;0.645;3.146;10;0.606;0.645;3.146;12;0.170;0.451;3.273;13;0.108;0.056;3.282;14;0.070;-0.262;3.297;15;0.077;-0.289;3.229;16;0.306;0.447;3.289;17;0.410;0.078;3.166;18;0.460;-0.241;3.234;19;0.459;-0.285;3.181
Frame1245;73.334;0;0.236;0.513;3.307;1;0.231;0.560;3.373;2;0.239;0.914;3.453;3;0.278;1.080;3.436;4;0.094;0.812;3.371;5;-0.026;0.667;3.356;6;-0.148;0.718;3.171;7;-0.184;0.737;3.120;8;0.403;0.788;3.399;9;0.476;0.615;3.318;10;0.606;0.645;3.146;10;0.606;0.645;3.146;12;0.170;0.451;3.273;13;0.108;0.056;3.282;14;0.070;-0.262;3.297;15;0.077;-0.289;3.229;16;0.306;0.447;3.289;17;0.410;0.078;3.166;18;0.460;-0.241;3.234;19;0.459;-0.285;3.181
Frame1246;73.351;0;0.249;0.508;3.300;1;0.247;0.554;3.366;2;0.261;0.903;3.452;3;0.284;1.083;3.436;4;0.114;0.799;3.375;5;0.019;0.612;3.342;6;-0.144;0.700;3.212;7;-0.188;0.735;3.176;8;0.432;0.776;3.388;9;0.468;0.581;3.296;10;0.616;0.654;3.150;10;0.616;0.654;3.150;12;0.180;0.447;3.269;13;0.112;0.055;3.286;14;0.071;-0.260;3.299;15;0.077;-0.288;3.230;16;0.321;0.439;3.272;17;0.398;0.050;3.196;18;0.463;-0.254;3.240;19;0.463;-0.294;3.183
Frame1247;73.368;0;0.249;0.508;3.300;1;0.247;0.554;3.366;2;0.261;0.903;3.452;3;0.284;1.083;3.436;4;0.114;0.799;3.375;5;0.019;0.612;3.342;6;-0.144;0.700;3.212;7;-0.188;0.735;3.176;8;0.432;0.776;3.388;9;0.468;0.581;3.296;10;0.616;0.654;3.150;10;0.616;0.654;3.150;12;0.180;0.447;3.269;13;0.112;0.055;3.286;14;0.071;-0.260;3.299;15;0.077;-0.288;3.230;16;0.321;0.439;3.272;17;0.398;0.050;3.196;18;0.463;-0.254;3.240;19;0.463;-0.294;3.183
Frame1248;73.385;0;0.263;0.494;3.291;1;0.265;0.540;3.359;2;0.275;0.891;3.450;3;0.295;1.074;3.438;4;0.142;0.773;3.381;5;0.074;0.568;3.328;6;-0.120;0.672;3.259;7;-0.188;0.705;3.239;8;0.449;0.764;3.378;9;0.454;0.547;3.280;10;0.618;0.641;3.167;10;0.618;0.641;3.167;12;0.196;0.430;3.266;13;0.116;0.053;3.288;14;0.073;-0.259;3.300;15;0.077;-0.286;3.232;16;0.331;0.429;3.258;17;0.392;0.036;3.216;18;0.461;-0.270;3.261;19;0.462;-0.298;3.190
Frame1249;73.402;0;0.263;0.494;3.291;1;0.265;0.540;3.359;2;0.275;0.891;3.450;3;0.295;1.074;3.438;4;0.142;0.773;3.381;5;0.074;0.568;3.328;6;-0.120;0.672;3.259;7;-0.188;0.705;3.239;8;0.449;0.764;3.378;9;0.454;0.547;3.280;10;0.618;0.641;3.167;10;0.618;0.641;3.167;12;0.196;0.430;3.266;13;0.116;0.053;3.288;14;0.073;-0.259;3.300;15;0.077;-0.286;3.232;16;0.331;0.429;3.258;17;0.392;0.036;3.216;18;0.461;-0.270;3.261;19;0.462;-0.298;3.190
Frame1250;73.419;0;0.281;0.471;3.283;1;0.289;0.513;3.350;2;0.303;0.855;3.440;3;0.309;1.051;3.441;4;0.161;0.742;3.389;5;0.099;0.544;3.320;6;-0.105;0.640;3.297;7;-0.162;0.660;3.294;8;0.465;0.745;3.366;9;0.494;0.523;3.246;10;0.650;0.651;3.161;10;0.650;0.651;3.161;12;0.213;0.405;3.265;13;0.129;0.045;3.288;14;0.073;-0.257;3.301;15;0.075;-0.284;3.233;16;0.345;0.408;3.243;17;0.391;0.026;3.230;18;0.459;-0.279;3.274;19;0.457;-0.301;3.199
Frame1251;73.436;0;0.294;0.454;3.277;1;0.305;0.496;3.344;2;0.318;0.835;3.432;3;0.332;1.025;3.437;4;0.183;0.716;3.392;5;0.116;0.526;3.322;6;-0.085;0.613;3.327;7;-0.137;0.623;3.327;8;0.476;0.724;3.346;9;0.519;0.508;3.233;10;0.674;0.642;3.163;10;0.674;0.642;3.163;12;0.228;0.384;3.266;13;0.142;0.036;3.285;14;0.075;-0.254;3.300;15;0.072;-0.280;3.231;16;0.355;0.392;3.232;17;0.390;0.019;3.238;18;0.458;-0.283;3.281;19;0.450;-0.300;3.205
Frame1252;73.453;0;0.294;0.454;3.277;1;0.305;0.496;3.344;2;0.318;0.835;3.432;3;0.332;1.025;3.437;4;0.183;0.716;3.392;5;0.116;0.526;3.322;6;-0.085;0.613;3.327;7;-0.137;0.623;3.327;8;0.476;0.724;3.346;9;0.519;0.508;3.233;10;0.674;0.642;3.163;10;0.674;0.642;3.163;12;0.228;0.384;3.266;13;0.142;0.036;3.285;14;0.075;-0.254;3.300;15;0.072;-0.280;3.231;16;0.355;0.392;3.232;17;0.390;0.019;3.238;18;0.458;-0.283;3.281;19;0.450;-0.300;3.205
Frame1253;73.470;0;0.294;0.454;3.277;1;0.305;0.496;3.344;2;0.318;0.835;3.432;3;0.332;1.025;3.437;4;0.183;0.716;3.392;5;0.116;0.526;3.322;6;-0.085;0.613;3.327;7;-0.137;0.623;3.327;8;0.476;0.724;3.346;9;0.519;0.508;3.233;10;0.674;0.642;3.163;10;0.674;0.642;3.163;12;0.228;0.384;3.266;13;0.142;0.036;3.285;14;0.075;-0.254;3.300;15;0.072;-0.280;3.231;16;0.355;0.392;3.232;17;0.390;0.019;3.238;18;0.458;-0.283;3.281;19;0.450;-0.300;3.205
Frame1254;73.487;0;0.303;0.443;3.274;1;0.318;0.486;3.341;2;0.339;0.821;3.422;3;0.344;1.014;3.432;4;0.195;0.704;3.394;5;0.133;0.509;3.349;6;-0.055;0.601;3.334;7;-0.127;0.619;3.327;8;0.489;0.713;3.335;9;0.520;0.484;3.243;10;0.665;0.631;3.148;10;0.665;0.631;3.148;12;0.238;0.371;3.270;13;0.152;0.028;3.276;14;0.076;-0.250;3.296;15;0.069;-0.276;3.228;16;0.365;0.380;3.223;17;0.395;0.017;3.242;18;0.455;-0.282;3.284;19;0.444;-0.298;3.209
Frame1255;73.504;0;0.314;0.437;3.275;1;0.333;0.481;3.340;2;0.367;0.819;3.409;3;0.355;1.009;3.428;4;0.208;0.697;3.398;5;0.143;0.509;3.376;6;-0.042;0.597;3.344;7;-0.118;0.618;3.339;8;0.505;0.710;3.323;9;0.547;0.485;3.243;10;0.656;0.632;3.129;10;0.656;0.632;3.129;12;0.247;0.364;3.277;13;0.157;0.024;3.244;14;0.077;-0.250;3.289;15;0.064;-0.275;3.221;16;0.372;0.374;3.220;17;0.405;0.017;3.243;18;0.453;-0.281;3.286;19;0.438;-0.296;3.212
Frame1256;73.522;0;0.314;0.437;3.275;1;0.333;0.481;3.340;2;0.367;0.819;3.409;3;0.355;1.009;3.428;4;0.208;0.697;3.398;5;0.143;0.509;3.376;6;-0.042;0.597;3.344;7;-0.118;0.618;3.339;8;0.505;0.710;3.323;9;0.547;0.485;3.243;10;0.656;0.632;3.129;10;0.656;0.632;3.129;12;0.247;0.364;3.277;13;0.157;0.024;3.244;14;0.077;-0.250;3.289;15;0.064;-0.275;3.221;16;0.372;0.374;3.220;17;0.405;0.017;3.243;18;0.453;-0.281;3.286;19;0.438;-0.296;3.212
Frame1257;73.538;0;0.329;0.435;3.280;1;0.352;0.482;3.344;2;0.382;0.820;3.403;3;0.367;1.009;3.421;4;0.227;0.703;3.405;5;0.141;0.524;3.397;6;-0.037;0.612;3.368;7;-0.112;0.629;3.349;8;0.520;0.715;3.311;9;0.588;0.505;3.218;10;0.639;0.656;3.083;10;0.639;0.656;3.083;12;0.263;0.362;3.291;13;0.156;0.040;3.205;14;0.075;-0.237;3.256;15;0.052;-0.262;3.191;16;0.384;0.370;3.222;17;0.417;0.019;3.244;18;0.452;-0.279;3.288;19;0.433;-0.294;3.215
Frame1258;73.555;0;0.329;0.435;3.280;1;0.352;0.482;3.344;2;0.382;0.820;3.403;3;0.367;1.009;3.421;4;0.227;0.703;3.405;5;0.141;0.524;3.397;6;-0.037;0.612;3.368;7;-0.112;0.629;3.349;8;0.520;0.715;3.311;9;0.588;0.505;3.218;10;0.639;0.656;3.083;10;0.639;0.656;3.083;12;0.263;0.362;3.291;13;0.156;0.040;3.205;14;0.075;-0.237;3.256;15;0.052;-0.262;3.191;16;0.384;0.370;3.222;17;0.417;0.019;3.244;18;0.452;-0.279;3.288;19;0.433;-0.294;3.215
Frame1259;73.573;0;0.341;0.437;3.286;1;0.367;0.487;3.348;2;0.393;0.827;3.400;3;0.388;1.022;3.411;4;0.246;0.718;3.414;5;0.130;0.553;3.423;6;-0.040;0.618;3.374;7;-0.097;0.634;3.345;8;0.530;0.723;3.300;9;0.623;0.564;3.186;10;0.596;0.670;3.008;10;0.596;0.670;3.008;12;0.276;0.367;3.303;13;0.149;0.076;3.175;14;0.075;-0.231;3.242;15;0.047;-0.256;3.178;16;0.395;0.370;3.227;17;0.432;0.027;3.247;18;0.452;-0.268;3.296;19;0.428;-0.285;3.228
Frame1260;73.590;0;0.341;0.437;3.286;1;0.367;0.487;3.348;2;0.393;0.827;3.400;3;0.388;1.022;3.411;4;0.246;0.718;3.414;5;0.130;0.553;3.423;6;-0.040;0.618;3.374;7;-0.097;0.634;3.345;8;0.530;0.723;3.300;9;0.623;0.564;3.186;10;0.596;0.670;3.008;10;0.596;0.670;3.008;12;0.276;0.367;3.303;13;0.149;0.076;3.175;14;0.075;-0.231;3.242;15;0.047;-0.256;3.178;16;0.395;0.370;3.227;17;0.432;0.027;3.247;18;0.452;-0.268;3.296;19;0.428;-0.285;3.228
Frame1261;73.607;0;0.355;0.445;3.296;1;0.386;0.498;3.356;2;0.420;0.854;3.406;3;0.398;1.029;3.407;4;0.264;0.737;3.423;5;0.140;0.588;3.477;6;-0.027;0.613;3.378;7;-0.077;0.611;3.321;8;0.536;0.734;3.291;9;0.656;0.616;3.168;10;0.551;0.651;2.972;10;0.551;0.651;2.972;12;0.291;0.379;3.317;13;0.141;0.120;3.156;14;0.077;-0.208;3.215;15;0.044;-0.257;3.176;16;0.406;0.378;3.238;17;0.443;0.036;3.253;18;0.453;-0.265;3.303;19;0.425;-0.284;3.240
Frame1262;73.624;0;0.355;0.445;3.296;1;0.386;0.498;3.356;2;0.420;0.854;3.406;3;0.398;1.029;3.407;4;0.264;0.737;3.423;5;0.140;0.588;3.477;6;-0.027;0.613;3.378;7;-0.077;0.611;3.321;8;0.536;0.734;3.291;9;0.656;0.616;3.168;10;0.551;0.651;2.972;10;0.551;0.651;2.972;12;0.291;0.379;3.317;13;0.141;0.120;3.156;14;0.077;-0.208;3.215;15;0.044;-0.257;3.176;16;0.406;0.378;3.238;17;0.443;0.036;3.253;18;0.453;-0.265;3.303;19;0.425;-0.284;3.240
Frame1263;73.641;0;0.367;0.456;3.305;1;0.400;0.510;3.362;2;0.432;0.867;3.409;3;0.404;1.033;3.405;4;0.275;0.747;3.425;5;0.142;0.614;3.501;6;-0.014;0.587;3.371;7;-0.065;0.565;3.298;8;0.543;0.753;3.284;9;0.686;0.657;3.174;10;0.534;0.593;3.000;10;0.534;0.593;3.000;12;0.304;0.394;3.326;13;0.131;0.179;3.140;14;0.077;-0.160;3.191;15;0.042;-0.200;3.146;16;0.418;0.393;3.253;17;0.453;0.044;3.261;18;0.456;-0.264;3.311;19;0.425;-0.285;3.251
Frame1264;73.658;0;0.367;0.456;3.305;1;0.400;0.510;3.362;2;0.432;0.867;3.409;3;0.404;1.033;3.405;4;0.275;0.747;3.425;5;0.142;0.614;3.501;6;-0.014;0.587;3.371;7;-0.065;0.565;3.298;8;0.543;0.753;3.284;9;0.686;0.657;3.174;10;0.534;0.593;3.000;10;0.534;0.593;3.000;12;0.304;0.394;3.326;13;0.131;0.179;3.140;14;0.077;-0.160;3.191;15;0.042;-0.200;3.146;16;0.418;0.393;3.253;17;0.453;0.044;3.261;18;0.456;-0.264;3.311;19;0.425;-0.285;3.251
Frame1265;73.675;0;0.375;0.465;3.311;1;0.409;0.518;3.366;2;0.443;0.875;3.411;3;0.410;1.039;3.404;4;0.282;0.754;3.427;5;0.139;0.629;3.507;6;-0.008;0.539;3.360;7;-0.053;0.495;3.292;8;0.546;0.766;3.279;9;0.697;0.672;3.174;10;0.498;0.529;2.998;10;0.498;0.529;2.998;12;0.312;0.406;3.331;13;0.126;0.245;3.125;14;0.086;-0.098;3.171;15;0.048;-0.161;3.147;16;0.424;0.402;3.260;17;0.461;0.055;3.270;18;0.458;-0.263;3.317;19;0.425;-0.286;3.259
Frame1266;73.692;0;0.375;0.465;3.311;1;0.409;0.518;3.366;2;0.443;0.875;3.411;3;0.410;1.039;3.404;4;0.282;0.754;3.427;5;0.139;0.629;3.507;6;-0.008;0.539;3.360;7;-0.053;0.495;3.292;8;0.546;0.766;3.279;9;0.697;0.672;3.174;10;0.498;0.529;2.998;10;0.498;0.529;2.998;12;0.312;0.406;3.331;13;0.126;0.245;3.125;14;0.086;-0.098;3.171;15;0.048;-0.161;3.147;16;0.424;0.402;3.260;17;0.461;0.055;3.270;18;0.458;-0.263;3.317;19;0.425;-0.286;3.259
Frame1267;73.709;0;0.382;0.473;3.315;1;0.417;0.525;3.369;2;0.450;0.880;3.412;3;0.419;1.046;3.403;4;0.287;0.759;3.428;5;0.135;0.638;3.500;6;0.003;0.481;3.364;7;-0.039;0.422;3.316;8;0.549;0.773;3.275;9;0.632;0.641;3.159;10;0.486;0.461;3.033;10;0.486;0.461;3.033;12;0.319;0.416;3.335;13;0.121;0.305;3.112;14;0.093;-0.037;3.158;15;0.055;-0.083;3.120;16;0.429;0.409;3.265;17;0.465;0.062;3.274;18;0.460;-0.263;3.321;19;0.425;-0.286;3.264
Frame1268;73.726;0;0.382;0.473;3.315;1;0.417;0.525;3.369;2;0.450;0.880;3.412;3;0.419;1.046;3.403;4;0.287;0.759;3.428;5;0.135;0.638;3.500;6;0.003;0.481;3.364;7;-0.039;0.422;3.316;8;0.549;0.773;3.275;9;0.632;0.641;3.159;10;0.486;0.461;3.033;10;0.486;0.461;3.033;12;0.319;0.416;3.335;13;0.121;0.305;3.112;14;0.093;-0.037;3.158;15;0.055;-0.083;3.120;16;0.429;0.409;3.265;17;0.465;0.062;3.274;18;0.460;-0.263;3.321;19;0.425;-0.286;3.264
Frame1269;73.743;0;0.387;0.477;3.317;1;0.423;0.529;3.370;2;0.457;0.881;3.412;3;0.425;1.048;3.405;4;0.290;0.761;3.429;5;0.134;0.639;3.485;6;0.012;0.431;3.369;7;-0.030;0.361;3.353;8;0.548;0.775;3.270;9;0.591;0.599;3.149;10;0.473;0.396;3.049;10;0.473;0.396;3.049;12;0.323;0.421;3.338;13;0.117;0.369;3.098;14;0.090;0.029;3.135;15;0.051;-0.003;3.085;16;0.433;0.413;3.267;17;0.467;0.067;3.276;18;0.461;-0.262;3.324;19;0.425;-0.286;3.267
Frame1270;73.760;0;0.387;0.477;3.317;1;0.423;0.529;3.370;2;0.457;0.881;3.412;3;0.425;1.048;3.405;4;0.290;0.761;3.429;5;0.134;0.639;3.485;6;0.012;0.431;3.369;7;-0.030;0.361;3.353;8;0.548;0.775;3.270;9;0.591;0.599;3.149;10;0.473;0.396;3.049;10;0.473;0.396;3.049;12;0.323;0.421;3.338;13;0.117;0.369;3.098;14;0.090;0.029;3.135;15;0.051;-0.003;3.085;16;0.433;0.413;3.267;17;0.467;0.067;3.276;18;0.461;-0.262;3.324;19;0.425;-0.286;3.267
Frame1271;73.777;0;0.392;0.479;3.320;1;0.429;0.531;3.372;2;0.462;0.877;3.413;3;0.432;1.043;3.408;4;0.292;0.759;3.430;5;0.142;0.595;3.446;6;0.031;0.387;3.379;7;-0.009;0.308;3.384;8;0.546;0.774;3.267;9;0.555;0.567;3.144;10;0.479;0.344;3.087;10;0.479;0.344;3.087;12;0.327;0.424;3.340;13;0.118;0.402;3.092;14;0.098;0.067;3.128;15;0.060;0.048;3.072;16;0.440;0.415;3.270;17;0.467;0.069;3.275;18;0.461;-0.263;3.325;19;0.424;-0.287;3.269
Frame1272;73.794;0;0.392;0.479;3.320;1;0.429;0.531;3.372;2;0.462;0.877;3.413;3;0.432;1.043;3.408;4;0.292;0.759;3.430;5;0.142;0.595;3.446;6;0.031;0.387;3.379;7;-0.009;0.308;3.384;8;0.546;0.774;3.267;9;0.555;0.567;3.144;10;0.479;0.344;3.087;10;0.479;0.344;3.087;12;0.327;0.424;3.340;13;0.118;0.402;3.092;14;0.098;0.067;3.128;15;0.060;0.048;3.072;16;0.440;0.415;3.270;17;0.467;0.069;3.275;18;0.461;-0.263;3.325;19;0.424;-0.287;3.269
Frame1273;73.811;0;0.401;0.476;3.322;1;0.436;0.527;3.373;2;0.462;0.862;3.416;3;0.439;1.032;3.413;4;0.293;0.748;3.430;5;0.157;0.553;3.416;6;0.049;0.352;3.378;7;0.006;0.277;3.407;8;0.540;0.762;3.266;9;0.520;0.519;3.152;10;0.482;0.304;3.108;10;0.482;0.304;3.108;12;0.335;0.420;3.340;13;0.120;0.412;3.095;14;0.100;0.078;3.125;15;0.062;0.054;3.069;16;0.451;0.414;3.273;17;0.464;0.067;3.268;18;0.462;-0.264;3.324;19;0.424;-0.288;3.269
Frame1274;73.828;0;0.401;0.476;3.322;1;0.436;0.527;3.373;2;0.462;0.862;3.416;3;0.439;1.032;3.413;4;0.293;0.748;3.430;5;0.157;0.553;3.416;6;0.049;0.352;3.378;7;0.006;0.277;3.407;8;0.540;0.762;3.266;9;0.520;0.519;3.152;10;0.482;0.304;3.108;10;0.482;0.304;3.108;12;0.335;0.420;3.340;13;0.120;0.412;3.095;14;0.100;0.078;3.125;15;0.062;0.054;3.069;16;0.451;0.414;3.273;17;0.464;0.067;3.268;18;0.462;-0.264;3.324;19;0.424;-0.288;3.269
Frame1275;73.848;0;0.406;0.470;3.323;1;0.440;0.519;3.375;2;0.461;0.840;3.422;3;0.452;1.006;3.424;4;0.293;0.733;3.430;5;0.173;0.527;3.401;6;0.059;0.338;3.377;7;0.015;0.264;3.415;8;0.537;0.735;3.281;9;0.511;0.506;3.161;10;0.491;0.312;3.113;10;0.491;0.312;3.113;12;0.341;0.414;3.340;13;0.121;0.419;3.096;14;0.100;0.084;3.120;15;0.063;0.061;3.061;16;0.457;0.410;3.274;17;0.461;0.065;3.258;18;0.462;-0.265;3.320;19;0.425;-0.289;3.262
Frame1276;73.865;0;0.406;0.470;3.323;1;0.440;0.519;3.375;2;0.461;0.840;3.422;3;0.452;1.006;3.424;4;0.293;0.733;3.430;5;0.173;0.527;3.401;6;0.059;0.338;3.377;7;0.015;0.264;3.415;8;0.537;0.735;3.281;9;0.511;0.506;3.161;10;0.491;0.312;3.113;10;0.491;0.312;3.113;12;0.341;0.414;3.340;13;0.121;0.419;3.096;14;0.100;0.084;3.120;15;0.063;0.061;3.061;16;0.457;0.410;3.274;17;0.461;0.065;3.258;18;0.462;-0.265;3.320;19;0.425;-0.289;3.262
Frame1277;73.882;0;0.410;0.465;3.324;1;0.443;0.511;3.377;2;0.460;0.821;3.426;3;0.455;0.993;3.428;4;0.294;0.712;3.430;5;0.179;0.516;3.395;6;0.067;0.332;3.375;7;0.045;0.269;3.398;8;0.537;0.720;3.290;9;0.512;0.504;3.170;10;0.497;0.313;3.118;10;0.497;0.313;3.118;12;0.343;0.409;3.340;13;0.122;0.421;3.099;14;0.099;0.085;3.118;15;0.063;0.061;3.058;16;0.463;0.405;3.275;17;0.459;0.063;3.250;18;0.462;-0.266;3.315;19;0.426;-0.291;3.256
Frame1278;73.899;0;0.410;0.465;3.324;1;0.443;0.511;3.377;2;0.460;0.821;3.426;3;0.455;0.993;3.428;4;0.294;0.712;3.430;5;0.179;0.516;3.395;6;0.067;0.332;3.375;7;0.045;0.269;3.398;8;0.537;0.720;3.290;9;0.512;0.504;3.170;10;0.497;0.313;3.118;10;0.497;0.313;3.118;12;0.343;0.409;3.340;13;0.122;0.421;3.099;14;0.099;0.085;3.118;15;0.063;0.061;3.058;16;0.463;0.405;3.275;17;0.459;0.063;3.250;18;0.462;-0.266;3.315;19;0.426;-0.291;3.256
Frame1279;73.916;0;0.412;0.454;3.326;1;0.444;0.498;3.380;2;0.460;0.808;3.429;3;0.457;0.986;3.430;4;0.295;0.697;3.432;5;0.186;0.508;3.398;6;0.072;0.332;3.374;7;0.054;0.262;3.400;8;0.538;0.706;3.296;9;0.523;0.487;3.178;10;0.500;0.302;3.118;10;0.500;0.302;3.118;12;0.344;0.400;3.342;13;0.125;0.413;3.105;14;0.101;0.077;3.119;15;0.067;0.054;3.058;16;0.468;0.391;3.276;17;0.457;0.061;3.243;18;0.462;-0.265;3.305;19;0.426;-0.290;3.246
Frame1280;73.933;0;0.412;0.454;3.326;1;0.444;0.498;3.380;2;0.460;0.808;3.429;3;0.457;0.986;3.430;4;0.295;0.697;3.432;5;0.186;0.508;3.398;6;0.072;0.332;3.374;7;0.054;0.262;3.400;8;0.538;0.706;3.296;9;0.523;0.487;3.178;10;0.500;0.302;3.118;10;0.500;0.302;3.118;12;0.344;0.400;3.342;13;0.125;0.413;3.105;14;0.101;0.077;3.119;15;0.067;0.054;3.058;16;0.468;0.391;3.276;17;0.457;0.061;3.243;18;0.462;-0.265;3.305;19;0.426;-0.290;3.246
Frame1281;73.950;0;0.416;0.441;3.328;1;0.446;0.487;3.382;2;0.460;0.801;3.431;3;0.458;0.981;3.432;4;0.295;0.688;3.433;5;0.187;0.501;3.403;6;0.075;0.329;3.374;7;0.055;0.258;3.380;8;0.539;0.698;3.301;9;0.554;0.488;3.183;10;0.514;0.317;3.102;10;0.514;0.317;3.102;12;0.349;0.378;3.345;13;0.125;0.378;3.124;14;0.102;0.041;3.136;15;0.068;0.016;3.075;16;0.473;0.380;3.277;17;0.455;0.059;3.239;18;0.462;-0.265;3.299;19;0.427;-0.289;3.240
Frame1282;73.967;0;0.416;0.441;3.328;1;0.446;0.487;3.382;2;0.460;0.801;3.431;3;0.458;0.981;3.432;4;0.295;0.688;3.433;5;0.187;0.501;3.403;6;0.075;0.329;3.374;7;0.055;0.258;3.380;8;0.539;0.698;3.301;9;0.554;0.488;3.183;10;0.514;0.317;3.102;10;0.514;0.317;3.102;12;0.349;0.378;3.345;13;0.125;0.378;3.124;14;0.102;0.041;3.136;15;0.068;0.016;3.075;16;0.473;0.380;3.277;17;0.455;0.059;3.239;18;0.462;-0.265;3.299;19;0.427;-0.289;3.240
Frame1283;73.984;0;0.418;0.434;3.330;1;0.447;0.481;3.384;2;0.460;0.797;3.432;3;0.457;0.978;3.433;4;0.295;0.683;3.435;5;0.181;0.501;3.420;6;0.076;0.330;3.373;7;0.057;0.258;3.373;8;0.541;0.693;3.304;9;0.587;0.500;3.187;10;0.539;0.344;3.079;10;0.539;0.344;3.079;12;0.351;0.368;3.346;13;0.126;0.328;3.139;14;0.100;-0.008;3.161;15;0.068;-0.033;3.101;16;0.476;0.374;3.278;17;0.454;0.057;3.236;18;0.462;-0.265;3.297;19;0.427;-0.289;3.237
Frame1284;74.001;0;0.418;0.434;3.330;1;0.447;0.481;3.384;2;0.460;0.797;3.432;3;0.457;0.978;3.433;4;0.295;0.683;3.435;5;0.181;0.501;3.420;6;0.076;0.330;3.373;7;0.057;0.258;3.373;8;0.541;0.693;3.304;9;0.587;0.500;3.187;10;0.539;0.344;3.079;10;0.539;0.344;3.079;12;0.351;0.368;3.346;13;0.126;0.328;3.139;14;0.100;-0.008;3.161;15;0.068;-0.033;3.101;16;0.476;0.374;3.278;17;0.454;0.057;3.236;18;0.462;-0.265;3.297;19;0.427;-0.289;3.237
Frame1285;74.018;0;0.419;0.430;3.331;1;0.447;0.478;3.385;2;0.455;0.796;3.433;3;0.454;0.979;3.436;4;0.295;0.681;3.437;5;0.169;0.513;3.436;6;0.075;0.355;3.353;7;0.055;0.271;3.353;8;0.545;0.693;3.309;9;0.620;0.523;3.196;10;0.564;0.390;3.054;10;0.564;0.390;3.054;12;0.352;0.363;3.347;13;0.127;0.275;3.156;14;0.098;-0.059;3.190;15;0.067;-0.084;3.129;16;0.478;0.370;3.279;17;0.453;0.054;3.235;18;0.462;-0.265;3.296;19;0.428;-0.290;3.235
Frame1286;74.035;0;0.419;0.430;3.331;1;0.447;0.478;3.385;2;0.455;0.796;3.433;3;0.454;0.979;3.436;4;0.295;0.681;3.437;5;0.169;0.513;3.436;6;0.075;0.355;3.353;7;0.055;0.271;3.353;8;0.545;0.693;3.309;9;0.620;0.523;3.196;10;0.564;0.390;3.054;10;0.564;0.390;3.054;12;0.352;0.363;3.347;13;0.127;0.275;3.156;14;0.098;-0.059;3.190;15;0.067;-0.084;3.129;16;0.478;0.370;3.279;17;0.453;0.054;3.235;18;0.462;-0.265;3.296;19;0.428;-0.290;3.235
Frame1287;74.052;0;0.417;0.431;3.334;1;0.444;0.479;3.389;2;0.449;0.801;3.435;3;0.450;0.984;3.438;4;0.291;0.690;3.445;5;0.156;0.534;3.454;6;0.068;0.406;3.327;7;0.048;0.348;3.296;8;0.553;0.703;3.316;9;0.649;0.564;3.198;10;0.586;0.448;3.035;10;0.586;0.448;3.035;12;0.349;0.364;3.350;13;0.134;0.219;3.172;14;0.100;-0.113;3.217;15;0.069;-0.138;3.156;16;0.477;0.369;3.282;17;0.453;0.050;3.240;18;0.463;-0.267;3.298;19;0.429;-0.292;3.238
Frame1288;74.069;0;0.417;0.431;3.334;1;0.444;0.479;3.389;2;0.449;0.801;3.435;3;0.450;0.984;3.438;4;0.291;0.690;3.445;5;0.156;0.534;3.454;6;0.068;0.406;3.327;7;0.048;0.348;3.296;8;0.553;0.703;3.316;9;0.649;0.564;3.198;10;0.586;0.448;3.035;10;0.586;0.448;3.035;12;0.349;0.364;3.350;13;0.134;0.219;3.172;14;0.100;-0.113;3.217;15;0.069;-0.138;3.156;16;0.477;0.369;3.282;17;0.453;0.050;3.240;18;0.463;-0.267;3.298;19;0.429;-0.292;3.238
Frame1289;74.086;0;0.409;0.438;3.340;1;0.436;0.486;3.394;2;0.442;0.811;3.438;3;0.442;0.999;3.442;4;0.286;0.708;3.460;5;0.146;0.573;3.473;6;0.055;0.465;3.290;7;0.038;0.425;3.248;8;0.559;0.718;3.324;9;0.691;0.609;3.214;10;0.600;0.505;3.023;10;0.600;0.505;3.023;12;0.339;0.371;3.354;13;0.142;0.152;3.190;14;0.099;-0.178;3.243;15;0.067;-0.203;3.183;16;0.467;0.376;3.289;17;0.454;0.048;3.253;18;0.465;-0.269;3.304;19;0.432;-0.294;3.244
Frame1290;74.103;0;0.409;0.438;3.340;1;0.436;0.486;3.394;2;0.442;0.811;3.438;3;0.442;0.999;3.442;4;0.286;0.708;3.460;5;0.146;0.573;3.473;6;0.055;0.465;3.290;7;0.038;0.425;3.248;8;0.559;0.718;3.324;9;0.691;0.609;3.214;10;0.600;0.505;3.023;10;0.600;0.505;3.023;12;0.339;0.371;3.354;13;0.142;0.152;3.190;14;0.099;-0.178;3.243;15;0.067;-0.203;3.183;16;0.467;0.376;3.289;17;0.454;0.048;3.253;18;0.465;-0.269;3.304;19;0.432;-0.294;3.244
Frame1291;74.120;0;0.400;0.447;3.344;1;0.428;0.495;3.399;2;0.435;0.824;3.442;3;0.425;1.020;3.454;4;0.283;0.720;3.469;5;0.134;0.605;3.482;6;0.049;0.536;3.278;7;0.030;0.509;3.221;8;0.562;0.733;3.331;9;0.705;0.631;3.221;10;0.606;0.561;3.013;10;0.606;0.561;3.013;12;0.330;0.379;3.357;13;0.149;0.096;3.210;14;0.093;-0.233;3.262;15;0.061;-0.286;3.222;16;0.456;0.384;3.294;17;0.456;0.044;3.269;18;0.466;-0.272;3.312;19;0.433;-0.296;3.251
Frame1292;74.137;0;0.393;0.453;3.348;1;0.419;0.503;3.403;2;0.423;0.842;3.449;3;0.415;1.031;3.459;4;0.280;0.730;3.473;5;0.130;0.618;3.485;6;0.034;0.589;3.278;7;0.012;0.598;3.222;8;0.562;0.745;3.337;9;0.710;0.645;3.226;10;0.624;0.609;3.014;10;0.624;0.609;3.014;12;0.324;0.385;3.359;13;0.159;0.061;3.227;14;0.085;-0.261;3.270;15;0.050;-0.286;3.211;16;0.448;0.390;3.298;17;0.457;0.041;3.285;18;0.465;-0.273;3.319;19;0.434;-0.297;3.258
Frame1293;74.154;0;0.393;0.453;3.348;1;0.419;0.503;3.403;2;0.423;0.842;3.449;3;0.415;1.031;3.459;4;0.280;0.730;3.473;5;0.130;0.618;3.485;6;0.034;0.589;3.278;7;0.012;0.598;3.222;8;0.562;0.745;3.337;9;0.710;0.645;3.226;10;0.624;0.609;3.014;10;0.624;0.609;3.014;12;0.324;0.385;3.359;13;0.159;0.061;3.227;14;0.085;-0.261;3.270;15;0.050;-0.286;3.211;16;0.448;0.390;3.298;17;0.457;0.041;3.285;18;0.465;-0.273;3.319;19;0.434;-0.297;3.258
Frame1294;74.171;0;0.386;0.458;3.349;1;0.412;0.508;3.405;2;0.415;0.853;3.454;3;0.410;1.037;3.461;4;0.277;0.738;3.474;5;0.127;0.625;3.485;6;0.013;0.636;3.285;7;-0.014;0.659;3.245;8;0.562;0.752;3.341;9;0.636;0.608;3.235;10;0.645;0.649;3.022;10;0.645;0.649;3.022;12;0.317;0.391;3.359;13;0.169;0.026;3.260;14;0.079;-0.267;3.270;15;0.046;-0.290;3.211;16;0.441;0.394;3.301;17;0.458;0.040;3.296;18;0.465;-0.274;3.324;19;0.434;-0.298;3.263
Frame1295;74.188;0;0.386;0.458;3.349;1;0.412;0.508;3.405;2;0.415;0.853;3.454;3;0.410;1.037;3.461;4;0.277;0.738;3.474;5;0.127;0.625;3.485;6;0.013;0.636;3.285;7;-0.014;0.659;3.245;8;0.562;0.752;3.341;9;0.636;0.608;3.235;10;0.645;0.649;3.022;10;0.645;0.649;3.022;12;0.317;0.391;3.359;13;0.169;0.026;3.260;14;0.079;-0.267;3.270;15;0.046;-0.290;3.211;16;0.441;0.394;3.301;17;0.458;0.040;3.296;18;0.465;-0.274;3.324;19;0.434;-0.298;3.263
Frame1296;74.205;0;0.378;0.461;3.349;1;0.403;0.511;3.406;2;0.410;0.858;3.457;3;0.405;1.040;3.463;4;0.272;0.743;3.470;5;0.115;0.594;3.452;6;-0.011;0.682;3.292;7;-0.041;0.721;3.253;8;0.560;0.757;3.344;9;0.627;0.578;3.226;10;0.684;0.687;3.041;10;0.684;0.687;3.041;12;0.308;0.394;3.356;13;0.174;0.009;3.280;14;0.075;-0.270;3.275;15;0.044;-0.294;3.215;16;0.433;0.397;3.301;17;0.457;0.039;3.305;18;0.465;-0.274;3.329;19;0.435;-0.298;3.267
Frame1297;74.222;0;0.378;0.461;3.349;1;0.403;0.511;3.406;2;0.410;0.858;3.457;3;0.405;1.040;3.463;4;0.272;0.743;3.470;5;0.115;0.594;3.452;6;-0.011;0.682;3.292;7;-0.041;0.721;3.253;8;0.560;0.757;3.344;9;0.627;0.578;3.226;10;0.684;0.687;3.041;10;0.684;0.687;3.041;12;0.308;0.394;3.356;13;0.174;0.009;3.280;14;0.075;-0.270;3.275;15;0.044;-0.294;3.215;16;0.433;0.397;3.301;17;0.457;0.039;3.305;18;0.465;-0.274;3.329;19;0.435;-0.298;3.267
Frame1298;74.239;0;0.368;0.461;3.346;1;0.389;0.511;3.404;2;0.401;0.860;3.458;3;0.389;1.039;3.467;4;0.259;0.744;3.458;5;0.104;0.572;3.422;6;-0.029;0.706;3.296;7;-0.069;0.753;3.272;8;0.557;0.758;3.346;9;0.610;0.550;3.227;10;0.725;0.705;3.087;10;0.725;0.705;3.087;12;0.295;0.393;3.349;13;0.177;-0.004;3.304;14;0.078;-0.270;3.302;15;0.051;-0.290;3.236;16;0.425;0.397;3.300;17;0.455;0.037;3.313;18;0.464;-0.274;3.333;19;0.436;-0.298;3.271
Frame1299;74.256;0;0.368;0.461;3.346;1;0.389;0.511;3.404;2;0.401;0.860;3.458;3;0.389;1.039;3.467;4;0.259;0.744;3.458;5;0.104;0.572;3.422;6;-0.029;0.706;3.296;7;-0.069;0.753;3.272;8;0.557;0.758;3.346;9;0.610;0.550;3.227;10;0.725;0.705;3.087;10;0.725;0.705;3.087;12;0.295;0.393;3.349;13;0.177;-0.004;3.304;14;0.078;-0.270;3.302;15;0.051;-0.290;3.236;16;0.425;0.397;3.300;17;0.455;0.037;3.313;18;0.464;-0.274;3.333;19;0.436;-0.298;3.271
Frame1300;74.273;0;0.356;0.459;3.341;1;0.374;0.509;3.401;2;0.392;0.859;3.457;3;0.381;1.038;3.469;4;0.239;0.739;3.439;5;0.096;0.554;3.390;6;-0.045;0.720;3.295;7;-0.077;0.752;3.279;8;0.547;0.752;3.353;9;0.604;0.542;3.228;10;0.757;0.708;3.121;10;0.757;0.708;3.121;12;0.281;0.390;3.341;13;0.179;-0.012;3.332;14;0.083;-0.264;3.320;15;0.061;-0.283;3.252;16;0.415;0.395;3.296;17;0.449;0.034;3.322;18;0.461;-0.275;3.338;19;0.436;-0.299;3.273
Frame1301;74.290;0;0.356;0.459;3.341;1;0.374;0.509;3.401;2;0.392;0.859;3.457;3;0.381;1.038;3.469;4;0.239;0.739;3.439;5;0.096;0.554;3.390;6;-0.045;0.720;3.295;7;-0.077;0.752;3.279;8;0.547;0.752;3.353;9;0.604;0.542;3.228;10;0.757;0.708;3.121;10;0.757;0.708;3.121;12;0.281;0.390;3.341;13;0.179;-0.012;3.332;14;0.083;-0.264;3.320;15;0.061;-0.283;3.252;16;0.415;0.395;3.296;17;0.449;0.034;3.322;18;0.461;-0.275;3.338;19;0.436;-0.299;3.273
Frame1302;74.307;0;0.344;0.455;3.337;1;0.359;0.504;3.397;2;0.384;0.856;3.455;3;0.374;1.036;3.469;4;0.227;0.734;3.427;5;0.090;0.550;3.371;6;-0.066;0.712;3.307;7;-0.101;0.741;3.287;8;0.533;0.739;3.363;9;0.595;0.534;3.255;10;0.769;0.671;3.170;10;0.769;0.671;3.170;12;0.269;0.386;3.334;13;0.179;-0.016;3.345;14;0.085;-0.260;3.332;15;0.069;-0.279;3.263;16;0.404;0.390;3.293;17;0.443;0.032;3.329;18;0.459;-0.276;3.342;19;0.437;-0.299;3.276
Frame1303;74.324;0;0.344;0.455;3.337;1;0.359;0.504;3.397;2;0.384;0.856;3.455;3;0.374;1.036;3.469;4;0.227;0.734;3.427;5;0.090;0.550;3.371;6;-0.066;0.712;3.307;7;-0.101;0.741;3.287;8;0.533;0.739;3.363;9;0.595;0.534;3.255;10;0.769;0.671;3.170;10;0.769;0.671;3.170;12;0.269;0.386;3.334;13;0.179;-0.016;3.345;14;0.085;-0.260;3.332;15;0.069;-0.279;3.263;16;0.404;0.390;3.293;17;0.443;0.032;3.329;18;0.459;-0.276;3.342;19;0.437;-0.299;3.276
Frame1304;74.341;0;0.333;0.451;3.332;1;0.346;0.500;3.394;2;0.372;0.849;3.453;3;0.369;1.034;3.466;4;0.216;0.730;3.418;5;0.086;0.548;3.361;6;-0.079;0.698;3.308;7;-0.118;0.726;3.291;8;0.520;0.728;3.371;9;0.584;0.529;3.274;10;0.769;0.646;3.206;10;0.769;0.646;3.206;12;0.259;0.383;3.328;13;0.178;-0.016;3.353;14;0.087;-0.258;3.339;15;0.073;-0.277;3.270;16;0.394;0.385;3.290;17;0.437;0.030;3.334;18;0.457;-0.276;3.344;19;0.437;-0.300;3.277
Frame1305;74.358;0;0.333;0.451;3.332;1;0.346;0.500;3.394;2;0.372;0.849;3.453;3;0.369;1.034;3.466;4;0.216;0.730;3.418;5;0.086;0.548;3.361;6;-0.079;0.698;3.308;7;-0.118;0.726;3.291;8;0.520;0.728;3.371;9;0.584;0.529;3.274;10;0.769;0.646;3.206;10;0.769;0.646;3.206;12;0.259;0.383;3.328;13;0.178;-0.016;3.353;14;0.087;-0.258;3.339;15;0.073;-0.277;3.270;16;0.394;0.385;3.290;17;0.437;0.030;3.334;18;0.457;-0.276;3.344;19;0.437;-0.300;3.277
Frame1306;74.375;0;0.324;0.447;3.328;1;0.334;0.496;3.390;2;0.359;0.843;3.450;3;0.366;1.032;3.465;4;0.209;0.727;3.413;5;0.068;0.554;3.349;6;-0.099;0.684;3.294;7;-0.128;0.700;3.287;8;0.503;0.722;3.378;9;0.576;0.526;3.287;10;0.759;0.619;3.226;10;0.759;0.619;3.226;12;0.252;0.381;3.322;13;0.173;-0.010;3.356;14;0.088;-0.256;3.344;15;0.076;-0.275;3.273;16;0.383;0.381;3.288;17;0.424;0.027;3.340;18;0.455;-0.276;3.347;19;0.437;-0.300;3.279
Frame1307;74.392;0;0.324;0.447;3.328;1;0.334;0.496;3.390;2;0.359;0.843;3.450;3;0.366;1.032;3.465;4;0.209;0.727;3.413;5;0.068;0.554;3.349;6;-0.099;0.684;3.294;7;-0.128;0.700;3.287;8;0.503;0.722;3.378;9;0.576;0.526;3.287;10;0.759;0.619;3.226;10;0.759;0.619;3.226;12;0.252;0.381;3.322;13;0.173;-0.010;3.356;14;0.088;-0.256;3.344;15;0.076;-0.275;3.273;16;0.383;0.381;3.288;17;0.424;0.027;3.340;18;0.455;-0.276;3.347;19;0.437;-0.300;3.279
Frame1308;74.409;0;0.313;0.443;3.324;1;0.323;0.493;3.387;2;0.347;0.839;3.448;3;0.361;1.030;3.463;4;0.199;0.724;3.409;5;0.061;0.555;3.344;6;-0.105;0.674;3.287;7;-0.137;0.683;3.282;8;0.493;0.717;3.382;9;0.570;0.525;3.295;10;0.755;0.595;3.238;10;0.755;0.595;3.238;12;0.242;0.379;3.317;13;0.168;-0.002;3.356;14;0.088;-0.255;3.347;15;0.077;-0.275;3.276;16;0.373;0.378;3.286;17;0.415;0.025;3.343;18;0.453;-0.276;3.348;19;0.438;-0.300;3.280
Frame1309;74.426;0;0.313;0.443;3.324;1;0.323;0.493;3.387;2;0.347;0.839;3.448;3;0.361;1.030;3.463;4;0.199;0.724;3.409;5;0.061;0.555;3.344;6;-0.105;0.674;3.287;7;-0.137;0.683;3.282;8;0.493;0.717;3.382;9;0.570;0.525;3.295;10;0.755;0.595;3.238;10;0.755;0.595;3.238;12;0.242;0.379;3.317;13;0.168;-0.002;3.356;14;0.088;-0.255;3.347;15;0.077;-0.275;3.276;16;0.373;0.378;3.286;17;0.415;0.025;3.343;18;0.453;-0.276;3.348;19;0.438;-0.300;3.280
Frame1310;74.443;0;0.306;0.441;3.322;1;0.314;0.490;3.386;2;0.337;0.837;3.448;3;0.352;1.028;3.461;4;0.190;0.722;3.406;5;0.072;0.543;3.355;6;-0.096;0.655;3.286;7;-0.143;0.675;3.279;8;0.486;0.714;3.385;9;0.557;0.522;3.300;10;0.738;0.579;3.244;10;0.738;0.579;3.244;12;0.235;0.377;3.313;13;0.162;0.006;3.352;14;0.088;-0.254;3.349;15;0.078;-0.274;3.278;16;0.366;0.375;3.286;17;0.408;0.023;3.345;18;0.452;-0.275;3.350;19;0.438;-0.300;3.281
Frame1311;74.460;0;0.306;0.441;3.322;1;0.314;0.490;3.386;2;0.337;0.837;3.448;3;0.352;1.028;3.461;4;0.190;0.722;3.406;5;0.072;0.543;3.355;6;-0.096;0.655;3.286;7;-0.143;0.675;3.279;8;0.486;0.714;3.385;9;0.557;0.522;3.300;10;0.738;0.579;3.244;10;0.738;0.579;3.244;12;0.235;0.377;3.313;13;0.162;0.006;3.352;14;0.088;-0.254;3.349;15;0.078;-0.274;3.278;16;0.366;0.375;3.286;17;0.408;0.023;3.345;18;0.452;-0.275;3.350;19;0.438;-0.300;3.281
Frame1312;74.492;0;0.299;0.439;3.321;1;0.307;0.489;3.385;2;0.329;0.835;3.448;3;0.346;1.027;3.460;4;0.181;0.721;3.405;5;0.067;0.542;3.359;6;-0.097;0.649;3.284;7;-0.148;0.670;3.277;8;0.481;0.712;3.387;9;0.551;0.521;3.304;10;0.719;0.578;3.235;10;0.719;0.578;3.235;12;0.228;0.376;3.311;13;0.157;0.011;3.349;14;0.087;-0.254;3.351;15;0.078;-0.275;3.280;16;0.360;0.373;3.286;17;0.403;0.022;3.346;18;0.450;-0.274;3.351;19;0.438;-0.300;3.281
Frame1313;74.511;0;0.294;0.439;3.321;1;0.300;0.488;3.385;2;0.320;0.835;3.448;3;0.340;1.027;3.458;4;0.173;0.720;3.403;5;0.066;0.540;3.364;6;-0.097;0.644;3.283;7;-0.154;0.667;3.274;8;0.476;0.711;3.389;9;0.545;0.522;3.307;10;0.707;0.581;3.227;10;0.707;0.581;3.227;12;0.223;0.376;3.309;13;0.153;0.014;3.346;14;0.085;-0.254;3.352;15;0.078;-0.276;3.281;16;0.355;0.372;3.287;17;0.399;0.021;3.346;18;0.447;-0.273;3.352;19;0.437;-0.299;3.282
Frame1314;74.527;0;0.294;0.439;3.321;1;0.300;0.488;3.385;2;0.320;0.835;3.448;3;0.340;1.027;3.458;4;0.173;0.720;3.403;5;0.066;0.540;3.364;6;-0.097;0.644;3.283;7;-0.154;0.667;3.274;8;0.476;0.711;3.389;9;0.545;0.522;3.307;10;0.707;0.581;3.227;10;0.707;0.581;3.227;12;0.223;0.376;3.309;13;0.153;0.014;3.346;14;0.085;-0.254;3.352;15;0.078;-0.276;3.281;16;0.355;0.372;3.287;17;0.399;0.021;3.346;18;0.447;-0.273;3.352;19;0.437;-0.299;3.282
Frame1315;74.544;0;0.289;0.439;3.320;1;0.295;0.489;3.385;2;0.313;0.835;3.447;3;0.334;1.028;3.456;4;0.167;0.720;3.403;5;0.047;0.546;3.363;6;-0.104;0.646;3.280;7;-0.161;0.668;3.270;8;0.473;0.711;3.391;9;0.542;0.525;3.308;10;0.694;0.590;3.204;10;0.694;0.590;3.204;12;0.219;0.376;3.308;13;0.150;0.017;3.344;14;0.084;-0.255;3.352;15;0.078;-0.277;3.282;16;0.351;0.372;3.288;17;0.396;0.020;3.345;18;0.446;-0.272;3.352;19;0.437;-0.298;3.283
Frame1316;74.561;0;0.289;0.439;3.320;1;0.295;0.489;3.385;2;0.313;0.835;3.447;3;0.334;1.028;3.456;4;0.167;0.720;3.403;5;0.047;0.546;3.363;6;-0.104;0.646;3.280;7;-0.161;0.668;3.270;8;0.473;0.711;3.391;9;0.542;0.525;3.308;10;0.694;0.590;3.204;10;0.694;0.590;3.204;12;0.219;0.376;3.308;13;0.150;0.017;3.344;14;0.084;-0.255;3.352;15;0.078;-0.277;3.282;16;0.351;0.372;3.288;17;0.396;0.020;3.345;18;0.446;-0.272;3.352;19;0.437;-0.298;3.283
Frame1317;74.578;0;0.286;0.439;3.321;1;0.290;0.489;3.386;2;0.305;0.836;3.448;3;0.329;1.028;3.455;4;0.162;0.721;3.403;5;0.030;0.560;3.360;6;-0.117;0.654;3.274;7;-0.166;0.671;3.266;8;0.470;0.711;3.392;9;0.539;0.527;3.308;10;0.688;0.596;3.193;10;0.688;0.596;3.193;12;0.215;0.376;3.307;13;0.148;0.018;3.343;14;0.084;-0.255;3.353;15;0.078;-0.278;3.283;16;0.348;0.372;3.289;17;0.393;0.020;3.344;18;0.444;-0.272;3.353;19;0.437;-0.298;3.283
Frame1318;74.596;0;0.286;0.439;3.321;1;0.290;0.489;3.386;2;0.305;0.836;3.448;3;0.329;1.028;3.455;4;0.162;0.721;3.403;5;0.030;0.560;3.360;6;-0.117;0.654;3.274;7;-0.166;0.671;3.266;8;0.470;0.711;3.392;9;0.539;0.527;3.308;10;0.688;0.596;3.193;10;0.688;0.596;3.193;12;0.215;0.376;3.307;13;0.148;0.018;3.343;14;0.084;-0.255;3.353;15;0.078;-0.278;3.283;16;0.348;0.372;3.289;17;0.393;0.020;3.344;18;0.444;-0.272;3.353;19;0.437;-0.298;3.283
